game_id,season,week,game_type,gameday,home,away,neutral,home_score,away_score,margin,close_spread,close_total,close_h_ml,close_a_ml,close_h_sp_price,close_a_sp_price,espn_id,line_src,open_spread,open_h_sp_price,open_a_sp_price,open_total,nfelo_close_check,home_line_pre_regression,nfelo_home_margin,fpi_home_margin,fpi_home_wp,fpi_last_modified
2022_01_BUF_LA,2022,1,REG,2022-09-08,LA,BUF,0,10.0,31.0,-21.0,1.0,51.5,106.0,-117.0,101.0,-112.0,401437654,nflverse games.csv (close),,,,,,,,,,
2022_01_NO_ATL,2022,1,REG,2022-09-11,ATL,NO,0,26.0,27.0,-1.0,6.0,43.5,201.0,-228.0,-107.0,-103.0,401437650,nflverse games.csv (close),5.5,-110.0,-110.0,,5.5,1.769595925325485,-1.769595925325485,,,
2022_01_CLE_CAR,2022,1,REG,2022-09-11,CAR,CLE,0,24.0,26.0,-2.0,-2.5,42.5,-125.0,114.0,102.0,-112.0,401437651,nflverse games.csv (close),1.0,-110.0,-110.0,,-1.0,0.7404172259499735,-0.7404172259499735,,,
2022_01_SF_CHI,2022,1,REG,2022-09-11,CHI,SF,0,19.0,10.0,9.0,6.5,38.0,217.0,-248.0,-111.0,100.0,401437647,nflverse games.csv (close),7.0,-110.0,-110.0,,6.5,1.0608353290551729,-1.0608353290551729,,,
2022_01_PIT_CIN,2022,1,REG,2022-09-11,CIN,PIT,0,20.0,23.0,-3.0,-7.5,44.5,-308.0,264.0,107.0,-119.0,401437634,nflverse games.csv (close),-7.0,-110.0,-110.0,,-7.0,-2.430271252693184,2.430271252693184,,,
2022_01_PHI_DET,2022,1,REG,2022-09-11,DET,PHI,0,35.0,38.0,-3.0,6.0,49.0,211.0,-240.0,-100.0,-110.0,401437648,nflverse games.csv (close),5.5,-113.0,-107.0,,5.5,0.3051647019540547,-0.3051647019540547,,,
2022_01_IND_HOU,2022,1,REG,2022-09-11,HOU,IND,0,20.0,20.0,0.0,7.0,46.0,250.0,-290.0,-107.0,-103.0,401437637,nflverse games.csv (close),7.0,-110.0,-110.0,,7.0,0.9498807684238676,-0.9498807684238676,,,
2022_01_NE_MIA,2022,1,REG,2022-09-11,MIA,NE,0,20.0,7.0,13.0,-3.0,47.0,-155.0,140.0,-106.0,-104.0,401437630,nflverse games.csv (close),-3.5,-115.0,-105.0,,-3.5,0.2381108294676321,-0.2381108294676321,,,
2022_01_BAL_NYJ,2022,1,REG,2022-09-11,NYJ,BAL,0,9.0,24.0,-15.0,6.5,44.0,231.0,-265.0,-107.0,-103.0,401437632,nflverse games.csv (close),7.0,105.0,-125.0,,7.0,1.8595219950779147,-1.8595219950779147,,,
2022_01_JAX_WAS,2022,1,REG,2022-09-11,WAS,JAX,0,28.0,22.0,6.0,-3.0,43.5,-159.0,143.0,-110.0,-101.0,401437646,nflverse games.csv (close),-2.5,-110.0,-110.0,,-3.0,-3.165821466765622,3.165821466765622,,,
2022_01_KC_ARI,2022,1,REG,2022-09-11,ARI,KC,0,21.0,44.0,-23.0,6.0,54.0,221.0,-252.0,-104.0,-107.0,401437653,nflverse games.csv (close),6.5,-110.0,-110.0,,6.5,0.2570191276807381,-0.2570191276807381,,,
2022_01_LV_LAC,2022,1,REG,2022-09-11,LAC,LV,0,24.0,19.0,5.0,-3.5,52.5,-180.0,161.0,-104.0,-106.0,401437643,nflverse games.csv (close),,,,,,,,,,
2022_01_GB_MIN,2022,1,REG,2022-09-11,MIN,GB,0,23.0,7.0,16.0,-2.5,47.0,-125.0,113.0,105.0,-116.0,401437649,nflverse games.csv (close),-2.0,-110.0,-110.0,,-2.0,-1.108907835277272,1.108907835277272,,,
2022_01_NYG_TEN,2022,1,REG,2022-09-11,TEN,NYG,0,20.0,21.0,-1.0,-5.5,43.5,-239.0,209.0,-102.0,-108.0,401437640,nflverse games.csv (close),-5.5,-110.0,-110.0,,-5.5,-6.564384964839642,6.564384964839642,,,
2022_01_TB_DAL,2022,1,REG,2022-09-11,DAL,TB,0,3.0,19.0,-16.0,2.5,49.5,120.0,-133.0,-102.0,-108.0,401437644,nflverse games.csv (close),2.5,-105.0,-115.0,,2.5,-1.865634749508632,1.865634749508632,,,
2022_01_DEN_SEA,2022,1,REG,2022-09-12,SEA,DEN,0,17.0,16.0,1.0,6.0,44.0,221.0,-253.0,-103.0,-107.0,401437655,nflverse games.csv (close),7.0,-120.0,100.0,,6.5,-0.619951265281139,0.619951265281139,,,
2022_02_LAC_KC,2022,2,REG,2022-09-15,KC,LAC,0,27.0,24.0,3.0,-4.0,52.5,-188.0,167.0,102.0,-113.0,401434030,nflverse games.csv (close),-4.0,-115.0,-105.0,,-4.0,-3.0619175182919647,3.0619175182919647,,,
2022_02_MIA_BAL,2022,2,REG,2022-09-18,BAL,MIA,0,38.0,42.0,-4.0,-3.0,44.0,-164.0,148.0,-114.0,103.0,401437633,nflverse games.csv (close),-3.0,-123.0,103.0,,-3.0,-2.9614125295812124,2.9614125295812124,,,
2022_02_NYJ_CLE,2022,2,REG,2022-09-18,CLE,NYJ,0,30.0,31.0,-1.0,-6.5,38.5,-235.0,207.0,100.0,-111.0,401437635,nflverse games.csv (close),-6.0,-107.0,-113.0,,-6.5,-3.0145022208184225,3.0145022208184225,,,
2022_02_WAS_DET,2022,2,REG,2022-09-18,DET,WAS,0,36.0,27.0,9.0,1.0,48.5,103.0,-114.0,-103.0,-107.0,401437732,nflverse games.csv (close),-1.0,-128.0,108.0,,0.0,-0.90476167294206,0.90476167294206,,,
2022_02_IND_JAX,2022,2,REG,2022-09-18,JAX,IND,0,24.0,0.0,24.0,3.0,43.5,142.0,-157.0,-103.0,-107.0,401437639,nflverse games.csv (close),3.0,-105.0,-115.0,,3.0,0.776344230118887,-0.776344230118887,,,
2022_02_TB_NO,2022,2,REG,2022-09-18,NO,TB,0,10.0,20.0,-10.0,2.5,44.0,124.0,-138.0,-102.0,-109.0,401437652,nflverse games.csv (close),2.5,-110.0,-110.0,,2.5,2.328291817962626,-2.328291817962626,,,
2022_02_CAR_NYG,2022,2,REG,2022-09-18,NYG,CAR,0,19.0,16.0,3.0,1.0,44.0,103.0,-114.0,-104.0,-106.0,401437645,nflverse games.csv (close),1.0,-108.0,-112.0,,1.0,-2.703736808288342,2.703736808288342,,,
2022_02_NE_PIT,2022,2,REG,2022-09-18,PIT,NE,0,14.0,17.0,-3.0,3.0,40.0,135.0,-150.0,-109.0,-102.0,401437636,nflverse games.csv (close),3.0,-110.0,-110.0,,3.0,-2.322095417595448,2.322095417595448,,,
2022_02_ATL_LA,2022,2,REG,2022-09-18,LA,ATL,0,31.0,27.0,4.0,-10.5,46.5,-473.0,385.0,103.0,-113.0,401437733,nflverse games.csv (close),,,,,,,,,,
2022_02_SEA_SF,2022,2,REG,2022-09-18,SF,SEA,0,27.0,7.0,20.0,-8.5,40.0,-379.0,318.0,102.0,-113.0,401437605,nflverse games.csv (close),-8.0,-112.0,-108.0,,-8.0,-3.9157950292012593,3.9157950292012593,,,
2022_02_CIN_DAL,2022,2,REG,2022-09-18,DAL,CIN,0,20.0,17.0,3.0,7.5,42.0,260.0,-303.0,-122.0,110.0,401437734,nflverse games.csv (close),8.0,-110.0,-110.0,,7.0,4.917510876140388,-4.917510876140388,,,
2022_02_HOU_DEN,2022,2,REG,2022-09-18,DEN,HOU,0,16.0,9.0,7.0,-10.5,46.0,-481.0,391.0,103.0,-114.0,401437641,nflverse games.csv (close),-10.0,-110.0,-110.0,,-10.0,-6.1286612271278695,6.1286612271278695,,,
2022_02_ARI_LV,2022,2,REG,2022-09-18,LV,ARI,0,23.0,29.0,-6.0,-5.5,51.5,-223.0,197.0,100.0,-110.0,401437642,nflverse games.csv (close),,,,,,,,,,
2022_02_CHI_GB,2022,2,REG,2022-09-18,GB,CHI,0,27.0,10.0,17.0,-10.5,42.0,-420.0,348.0,100.0,-111.0,401437606,nflverse games.csv (close),-9.0,-110.0,-110.0,,-10.0,-4.108468610829067,4.108468610829067,,,
2022_02_TEN_BUF,2022,2,REG,2022-09-19,BUF,TEN,0,41.0,7.0,34.0,-10.0,47.5,-395.0,329.0,104.0,-115.0,401436831,nflverse games.csv (close),-10.0,-110.0,-110.0,,-10.0,-8.71836349284382,8.71836349284382,,,
2022_02_MIN_PHI,2022,2,REG,2022-09-19,PHI,MIN,0,24.0,7.0,17.0,-2.5,49.5,-141.0,127.0,-117.0,106.0,401436832,nflverse games.csv (close),-1.5,-110.0,-110.0,,-3.0,-0.8398965859593894,0.8398965859593894,,,
2022_03_PIT_CLE,2022,3,REG,2022-09-22,CLE,PIT,0,29.0,17.0,12.0,-4.5,38.0,-206.0,183.0,101.0,-111.0,401437735,nflverse games.csv (close),-4.0,-112.0,-108.0,,-4.0,-0.0878686094476944,0.0878686094476944,,,
2022_03_NO_CAR,2022,3,REG,2022-09-25,CAR,NO,0,22.0,14.0,8.0,2.0,41.0,112.0,-123.0,-109.0,-102.0,401437736,nflverse games.csv (close),2.0,-110.0,-110.0,,2.0,2.2795325063099545,-2.2795325063099545,,,
2022_03_HOU_CHI,2022,3,REG,2022-09-25,CHI,HOU,0,23.0,20.0,3.0,-3.0,40.0,-156.0,141.0,-103.0,-107.0,401437737,nflverse games.csv (close),-2.5,-115.0,-105.0,,-3.0,-1.0913460498572194,1.0913460498572194,,,
2022_03_KC_IND,2022,3,REG,2022-09-25,IND,KC,0,20.0,17.0,3.0,4.5,51.0,177.0,-199.0,-114.0,103.0,401437638,nflverse games.csv (close),5.0,-112.0,-108.0,,5.0,4.573139362696951,-4.573139362696951,,,
2022_03_BUF_MIA,2022,3,REG,2022-09-25,MIA,BUF,0,21.0,19.0,2.0,4.0,54.0,175.0,-196.0,-106.0,-104.0,401437738,nflverse games.csv (close),5.0,-110.0,-110.0,,4.0,3.2623942811356788,-3.2623942811356788,,,
2022_03_DET_MIN,2022,3,REG,2022-09-25,MIN,DET,0,28.0,24.0,4.0,-6.5,52.0,-266.0,232.0,-110.0,-101.0,401437739,nflverse games.csv (close),-6.5,-110.0,-110.0,,-6.5,-3.739711916177033,3.739711916177033,,,
2022_03_BAL_NE,2022,3,REG,2022-09-25,NE,BAL,0,26.0,37.0,-11.0,2.5,45.5,129.0,-143.0,104.0,-114.0,401437631,nflverse games.csv (close),2.0,-108.0,-115.0,,2.5,0.4135826304404794,-0.4135826304404794,,,
2022_03_CIN_NYJ,2022,3,REG,2022-09-25,NYJ,CIN,0,12.0,27.0,-15.0,6.5,46.0,220.0,-247.0,-115.0,104.0,401437740,nflverse games.csv (close),6.0,-107.0,-113.0,,6.5,0.8674526506677874,-0.8674526506677874,,,
2022_03_LV_TEN,2022,3,REG,2022-09-25,TEN,LV,0,24.0,22.0,2.0,1.5,45.5,117.0,-130.0,103.0,-113.0,401437741,nflverse games.csv (close),,,,,,,,,,
2022_03_PHI_WAS,2022,3,REG,2022-09-25,WAS,PHI,0,8.0,24.0,-16.0,6.0,47.0,210.0,-240.0,-112.0,102.0,401437742,nflverse games.csv (close),7.0,-116.0,-104.0,,6.5,3.427007756473835,-3.427007756473835,,,
2022_03_JAX_LAC,2022,3,REG,2022-09-25,LAC,JAX,0,10.0,38.0,-28.0,-6.5,46.0,-252.0,220.0,-104.0,-106.0,401437743,nflverse games.csv (close),-3.5,-110.0,-110.0,,-7.0,-5.582788555135962,5.582788555135962,,,
2022_03_LA_ARI,2022,3,REG,2022-09-25,ARI,LA,0,12.0,20.0,-8.0,3.5,49.0,153.0,-171.0,-115.0,104.0,401437744,nflverse games.csv (close),,,,,,,,,,
2022_03_ATL_SEA,2022,3,REG,2022-09-25,SEA,ATL,0,23.0,27.0,-4.0,-1.0,43.0,-106.0,-104.0,102.0,-112.0,401437745,nflverse games.csv (close),0.0,-110.0,-110.0,,-1.0,-1.3623529250043451,1.3623529250043451,,,
2022_03_GB_TB,2022,3,REG,2022-09-25,TB,GB,0,12.0,14.0,-2.0,-1.0,41.5,-123.0,112.0,-115.0,105.0,401437607,nflverse games.csv (close),0.0,-114.0,-106.0,,-1.0,-2.6730954549794683,2.6730954549794683,,,
2022_03_SF_DEN,2022,3,REG,2022-09-25,DEN,SF,0,11.0,10.0,1.0,1.0,44.0,-101.0,-110.0,-108.0,-102.0,401437746,nflverse games.csv (close),2.0,-113.0,-107.0,,1.5,1.5505687935234478,-1.5505687935234478,,,
2022_03_DAL_NYG,2022,3,REG,2022-09-26,NYG,DAL,0,16.0,23.0,-7.0,-1.0,38.5,-120.0,109.0,-113.0,103.0,401437747,nflverse games.csv (close),-1.0,-108.0,-112.0,,-1.0,-1.9075461523523296,1.9075461523523296,,,
2022_04_MIA_CIN,2022,4,REG,2022-09-29,CIN,MIA,0,27.0,15.0,12.0,-4.0,48.5,-190.0,169.0,-103.0,-107.0,401437748,nflverse games.csv (close),-4.0,-112.0,-108.0,,-4.0,-0.3461372652280839,0.3461372652280839,,,
2022_04_MIN_NO,2022,4,REG,2022-10-02,NO,MIN,1,25.0,28.0,-3.0,4.0,42.0,177.0,-199.0,-107.0,-103.0,401435639,nflverse games.csv (close),4.0,-109.0,-111.0,,4.0,1.491326927887968,-1.491326927887968,,,
2022_04_CLE_ATL,2022,4,REG,2022-10-02,ATL,CLE,0,23.0,20.0,3.0,1.0,48.0,-103.0,-107.0,-109.0,-101.0,401437749,nflverse games.csv (close),1.5,-108.0,-112.0,,1.0,-1.6101036340063304,1.6101036340063304,,,
2022_04_BUF_BAL,2022,4,REG,2022-10-02,BAL,BUF,0,20.0,23.0,-3.0,3.0,50.0,154.0,-172.0,106.0,-117.0,401437750,nflverse games.csv (close),3.0,-104.0,-116.0,,3.0,-0.0263687858762625,0.0263687858762625,,,
2022_04_WAS_DAL,2022,4,REG,2022-10-02,DAL,WAS,0,25.0,10.0,15.0,-3.0,40.5,-155.0,140.0,-101.0,-110.0,401437751,nflverse games.csv (close),-3.5,-105.0,-115.0,,-3.0,-0.7209818712735901,0.7209818712735901,,,
2022_04_SEA_DET,2022,4,REG,2022-10-02,DET,SEA,0,45.0,48.0,-3.0,-3.0,48.5,-169.0,151.0,-113.0,103.0,401437752,nflverse games.csv (close),-3.5,-110.0,-110.0,,-3.5,-4.118183870111169,4.118183870111169,,,
2022_04_LAC_HOU,2022,4,REG,2022-10-02,HOU,LAC,0,24.0,34.0,-10.0,5.5,45.0,205.0,-234.0,-104.0,-106.0,401437753,nflverse games.csv (close),4.5,-109.0,-111.0,,5.5,1.6248886134751654,-1.6248886134751654,,,
2022_04_TEN_IND,2022,4,REG,2022-10-02,IND,TEN,0,17.0,24.0,-7.0,-4.5,43.0,-205.0,182.0,-105.0,-105.0,401437754,nflverse games.csv (close),-4.0,-110.0,-110.0,,-4.0,-2.53722494390768,2.53722494390768,,,
2022_04_CHI_NYG,2022,4,REG,2022-10-02,NYG,CHI,0,20.0,12.0,8.0,-3.0,39.0,-144.0,130.0,109.0,-120.0,401437755,nflverse games.csv (close),-3.5,-110.0,-110.0,,-3.0,-1.517235534276685,1.517235534276685,,,
2022_04_JAX_PHI,2022,4,REG,2022-10-02,PHI,JAX,0,29.0,21.0,8.0,-6.5,44.0,-256.0,223.0,-102.0,-109.0,401437756,nflverse games.csv (close),-6.5,-110.0,-110.0,,-6.5,-6.912558962685478,6.912558962685478,,,
2022_04_NYJ_PIT,2022,4,REG,2022-10-02,PIT,NYJ,0,20.0,24.0,-4.0,-3.0,41.0,-161.0,145.0,-108.0,-102.0,401437757,nflverse games.csv (close),-3.0,-125.0,105.0,,-3.0,-6.57225792339387,6.57225792339387,,,
2022_04_ARI_CAR,2022,4,REG,2022-10-02,CAR,ARI,0,16.0,26.0,-10.0,-1.0,44.0,-113.0,102.0,-106.0,-104.0,401437758,nflverse games.csv (close),0.0,-115.0,-105.0,,-1.0,-0.8830284337250732,0.8830284337250732,,,
2022_04_NE_GB,2022,4,REG,2022-10-02,GB,NE,0,27.0,24.0,3.0,-10.0,40.5,-435.0,358.0,109.0,-120.0,401437759,nflverse games.csv (close),-9.5,-110.0,-110.0,,-9.5,-6.973494424760359,6.973494424760359,,,
2022_04_DEN_LV,2022,4,REG,2022-10-02,LV,DEN,0,32.0,23.0,9.0,-2.5,45.5,-137.0,124.0,-109.0,-101.0,401437760,nflverse games.csv (close),,,,,,,,,,
2022_04_KC_TB,2022,4,REG,2022-10-02,TB,KC,0,31.0,41.0,-10.0,-1.0,46.5,-125.0,113.0,-118.0,107.0,401437470,nflverse games.csv (close),-2.0,-110.0,-110.0,,-2.0,-2.2127143000429035,2.2127143000429035,,,
2022_04_LA_SF,2022,4,REG,2022-10-03,SF,LA,0,24.0,9.0,15.0,-1.0,42.0,-124.0,112.0,-116.0,106.0,401437761,nflverse games.csv (close),,,,,,,,,,
2022_05_IND_DEN,2022,5,REG,2022-10-06,DEN,IND,0,9.0,12.0,-3.0,-3.5,42.0,-178.0,159.0,104.0,-114.0,401437762,nflverse games.csv (close),-3.5,-110.0,-110.0,,-3.0,-5.081739649543231,5.081739649543231,,,
2022_05_NYG_GB,2022,5,REG,2022-10-09,GB,NYG,1,22.0,27.0,-5.0,-8.5,42.0,-397.0,331.0,-115.0,104.0,401435640,nflverse games.csv (close),-9.0,105.0,-125.0,,-9.0,-8.377979269288439,8.377979269288439,,,
2022_05_PIT_BUF,2022,5,REG,2022-10-09,BUF,PIT,0,38.0,3.0,35.0,-14.0,44.0,-749.0,568.0,-102.0,-108.0,401437763,nflverse games.csv (close),-14.5,-104.0,-116.0,,-14.0,-14.463157179702252,14.463157179702252,,,
2022_05_LAC_CLE,2022,5,REG,2022-10-09,CLE,LAC,0,28.0,30.0,-2.0,1.0,47.0,103.0,-114.0,-104.0,-106.0,401437764,nflverse games.csv (close),2.0,-110.0,-110.0,,1.5,-0.2598361312812379,0.2598361312812379,,,
2022_05_HOU_JAX,2022,5,REG,2022-10-09,JAX,HOU,0,6.0,13.0,-7.0,-7.0,44.0,-304.0,261.0,102.0,-113.0,401437765,nflverse games.csv (close),-7.5,-109.0,-111.0,,-7.0,-5.118329817154744,5.118329817154744,,,
2022_05_CHI_MIN,2022,5,REG,2022-10-09,MIN,CHI,0,29.0,22.0,7.0,-10.0,44.0,-385.0,322.0,105.0,-116.0,401437766,nflverse games.csv (close),-8.5,-110.0,-110.0,,-8.5,-7.983173737879058,7.983173737879058,,,
2022_05_DET_NE,2022,5,REG,2022-10-09,NE,DET,0,29.0,0.0,29.0,-3.0,46.5,-148.0,133.0,102.0,-113.0,401437767,nflverse games.csv (close),-3.5,-108.0,-112.0,,-3.0,-2.56203205069035,2.56203205069035,,,
2022_05_SEA_NO,2022,5,REG,2022-10-09,NO,SEA,0,39.0,32.0,7.0,-5.5,45.5,-229.0,201.0,-104.0,-106.0,401437768,nflverse games.csv (close),-5.0,-110.0,-110.0,,-5.5,-3.997194691041953,3.997194691041953,,,
2022_05_MIA_NYJ,2022,5,REG,2022-10-09,NYJ,MIA,0,40.0,17.0,23.0,3.0,46.0,146.0,-162.0,100.0,-110.0,401437769,nflverse games.csv (close),3.5,-110.0,-110.0,,3.0,4.188660363854702,-4.188660363854702,,,
2022_05_ATL_TB,2022,5,REG,2022-10-09,TB,ATL,0,21.0,15.0,6.0,-10.5,46.0,-430.0,355.0,102.0,-113.0,401437770,nflverse games.csv (close),-11.0,-106.0,-114.0,,-10.0,-6.606393753414782,6.606393753414782,,,
2022_05_TEN_WAS,2022,5,REG,2022-10-09,WAS,TEN,0,17.0,21.0,-4.0,1.0,43.0,-100.0,-110.0,-108.0,-102.0,401437771,nflverse games.csv (close),1.0,-113.0,-107.0,,0.0,0.2329997400297745,-0.2329997400297745,,,
2022_05_SF_CAR,2022,5,REG,2022-10-09,CAR,SF,0,15.0,37.0,-22.0,6.0,40.0,206.0,-234.0,-109.0,-102.0,401437772,nflverse games.csv (close),6.5,-110.0,-110.0,,6.0,6.749548023142661,-6.749548023142661,,,
2022_05_PHI_ARI,2022,5,REG,2022-10-09,ARI,PHI,0,17.0,20.0,-3.0,5.5,48.5,196.0,-222.0,-111.0,101.0,401437773,nflverse games.csv (close),5.5,-105.0,-115.0,,5.5,4.079183146858541,-4.079183146858541,,,
2022_05_DAL_LA,2022,5,REG,2022-10-09,LA,DAL,0,10.0,22.0,-12.0,-5.5,42.0,-220.0,195.0,102.0,-112.0,401437774,nflverse games.csv (close),,,,,,,,,,
2022_05_CIN_BAL,2022,5,REG,2022-10-09,BAL,CIN,0,19.0,17.0,2.0,-3.0,47.5,-168.0,151.0,-114.0,103.0,401437775,nflverse games.csv (close),-3.0,-115.0,-105.0,,-3.0,-2.7076556323776537,2.7076556323776537,,,
2022_05_LV_KC,2022,5,REG,2022-10-10,KC,LV,0,30.0,29.0,1.0,-7.5,51.5,-321.0,275.0,113.0,-125.0,401437776,nflverse games.csv (close),,,,,,,,,,
2022_06_WAS_CHI,2022,6,REG,2022-10-13,CHI,WAS,0,7.0,12.0,-5.0,1.0,38.5,109.0,-120.0,102.0,-112.0,401437777,nflverse games.csv (close),0.0,-113.0,-107.0,,1.0,-1.6161993515071509,1.6161993515071509,,,
2022_06_SF_ATL,2022,6,REG,2022-10-16,ATL,SF,0,28.0,14.0,14.0,3.5,46.0,166.0,-185.0,-110.0,-100.0,401437778,nflverse games.csv (close),3.0,106.0,-126.0,,3.0,1.765409531570331,-1.765409531570331,,,
2022_06_NE_CLE,2022,6,REG,2022-10-16,CLE,NE,0,15.0,38.0,-23.0,-2.5,43.0,-140.0,127.0,-111.0,101.0,401437779,nflverse games.csv (close),-2.5,-117.0,-103.0,,-2.5,-2.156814909403301,2.156814909403301,,,
2022_06_NYJ_GB,2022,6,REG,2022-10-16,GB,NYJ,0,10.0,27.0,-17.0,-7.5,44.5,-362.0,305.0,-109.0,-101.0,401437780,nflverse games.csv (close),-8.5,105.0,-125.0,,-7.5,-9.094935202714632,9.094935202714632,,,
2022_06_JAX_IND,2022,6,REG,2022-10-16,IND,JAX,0,34.0,27.0,7.0,-1.0,41.0,-122.0,110.0,-114.0,103.0,401437781,nflverse games.csv (close),-2.0,-113.0,-107.0,,-2.0,-2.1367172802191603,2.1367172802191603,,,
2022_06_MIN_MIA,2022,6,REG,2022-10-16,MIA,MIN,0,16.0,24.0,-8.0,3.0,45.0,157.0,-175.0,109.0,-120.0,401437782,nflverse games.csv (close),3.5,-110.0,-110.0,,3.0,1.7898938466629744,-1.7898938466629744,,,
2022_06_CIN_NO,2022,6,REG,2022-10-16,NO,CIN,0,26.0,30.0,-4.0,3.0,42.5,148.0,-164.0,100.0,-110.0,401437783,nflverse games.csv (close),3.0,-110.0,-110.0,,3.0,0.7663241060974761,-0.7663241060974761,,,
2022_06_BAL_NYG,2022,6,REG,2022-10-16,NYG,BAL,0,24.0,20.0,4.0,5.5,46.0,206.0,-234.0,-103.0,-107.0,401437784,nflverse games.csv (close),5.5,-105.0,-115.0,,5.5,4.965783223966353,-4.965783223966353,,,
2022_06_TB_PIT,2022,6,REG,2022-10-16,PIT,TB,0,20.0,18.0,2.0,10.0,47.0,323.0,-386.0,-113.0,103.0,401437785,nflverse games.csv (close),9.5,-106.0,-114.0,,9.5,7.435043826647807,-7.435043826647807,,,
2022_06_CAR_LA,2022,6,REG,2022-10-16,LA,CAR,0,24.0,10.0,14.0,-10.0,41.5,-413.0,343.0,102.0,-112.0,401437786,nflverse games.csv (close),,,,,,,,,,
2022_06_ARI_SEA,2022,6,REG,2022-10-16,SEA,ARI,0,19.0,9.0,10.0,2.5,50.0,123.0,-136.0,-104.0,-106.0,401437787,nflverse games.csv (close),2.0,-110.0,-110.0,,2.5,-1.317005777721179,1.317005777721179,,,
2022_06_BUF_KC,2022,6,REG,2022-10-16,KC,BUF,0,20.0,24.0,-4.0,2.5,54.0,132.0,-146.0,105.0,-116.0,401437788,nflverse games.csv (close),3.0,-116.0,-104.0,,2.5,1.7652608100161995,-1.7652608100161995,,,
2022_06_DAL_PHI,2022,6,REG,2022-10-16,PHI,DAL,0,26.0,17.0,9.0,-6.5,42.5,-292.0,252.0,-120.0,109.0,401437789,nflverse games.csv (close),-4.5,-110.0,-110.0,,-6.5,-6.301888254397044,6.301888254397044,,,
2022_06_DEN_LAC,2022,6,REG,2022-10-17,LAC,DEN,0,19.0,16.0,3.0,-3.5,45.5,-186.0,166.0,-107.0,-103.0,401437790,nflverse games.csv (close),-4.0,-110.0,-110.0,,-4.0,-6.263161654003064,6.263161654003064,,,
2022_07_NO_ARI,2022,7,REG,2022-10-20,ARI,NO,0,42.0,34.0,8.0,-2.5,44.0,-140.0,126.0,-109.0,-101.0,401437791,nflverse games.csv (close),-1.0,-111.0,-109.0,,-2.5,0.2148385299425709,-0.2148385299425709,,,
2022_07_CLE_BAL,2022,7,REG,2022-10-23,BAL,CLE,0,23.0,20.0,3.0,-6.5,46.0,-282.0,244.0,-110.0,100.0,401437792,nflverse games.csv (close),-7.0,-106.0,-114.0,,-6.5,-5.960355749250684,5.960355749250684,,,
2022_07_TB_CAR,2022,7,REG,2022-10-23,CAR,TB,0,21.0,3.0,18.0,13.0,39.5,524.0,-680.0,-107.0,-103.0,401437793,nflverse games.csv (close),13.0,-114.0,-106.0,,13.0,8.024020233964956,-8.024020233964956,,,
2022_07_ATL_CIN,2022,7,REG,2022-10-23,CIN,ATL,0,35.0,17.0,18.0,-6.5,47.5,-271.0,235.0,-110.0,-100.0,401437794,nflverse games.csv (close),-6.0,-110.0,-110.0,,-6.5,-4.755313779125153,4.755313779125153,,,
2022_07_DET_DAL,2022,7,REG,2022-10-23,DAL,DET,0,24.0,6.0,18.0,-7.0,49.5,-278.0,241.0,102.0,-112.0,401437795,nflverse games.csv (close),-6.5,-110.0,-110.0,,-7.0,-3.8893228491752496,3.8893228491752496,,,
2022_07_NYG_JAX,2022,7,REG,2022-10-23,JAX,NYG,0,17.0,23.0,-6.0,-3.0,44.0,-165.0,148.0,-112.0,102.0,401437796,nflverse games.csv (close),-3.5,101.0,-121.0,,-3.5,-4.137157125164432,4.137157125164432,,,
2022_07_IND_TEN,2022,7,REG,2022-10-23,TEN,IND,0,19.0,10.0,9.0,-2.5,43.0,-143.0,129.0,-108.0,-102.0,401437797,nflverse games.csv (close),-2.0,-110.0,-110.0,,-2.5,-1.151995716889341,1.151995716889341,,,
2022_07_GB_WAS,2022,7,REG,2022-10-23,WAS,GB,0,23.0,21.0,2.0,4.0,41.5,173.0,-195.0,-108.0,-102.0,401437798,nflverse games.csv (close),4.0,-107.0,-113.0,,4.0,3.0865486246037546,-3.0865486246037546,,,
2022_07_NYJ_DEN,2022,7,REG,2022-10-23,DEN,NYJ,0,9.0,16.0,-7.0,2.0,37.0,115.0,-127.0,-104.0,-106.0,401437799,nflverse games.csv (close),2.5,-110.0,-110.0,,2.0,-5.678024323427222,5.678024323427222,,,
2022_07_HOU_LV,2022,7,REG,2022-10-23,LV,HOU,0,38.0,20.0,18.0,-7.0,46.0,-325.0,278.0,-115.0,104.0,401437800,nflverse games.csv (close),,,,,,,,,,
2022_07_SEA_LAC,2022,7,REG,2022-10-23,LAC,SEA,0,23.0,37.0,-14.0,-5.5,51.5,-219.0,193.0,101.0,-111.0,401437801,nflverse games.csv (close),-4.0,-122.0,102.0,,-4.5,-5.820794390777373,5.820794390777373,,,
2022_07_KC_SF,2022,7,REG,2022-10-23,SF,KC,0,23.0,44.0,-21.0,1.0,49.0,-104.0,-106.0,-112.0,102.0,401437802,nflverse games.csv (close),0.0,-113.0,-107.0,,0.0,-2.044657709329977,2.044657709329977,,,
2022_07_PIT_MIA,2022,7,REG,2022-10-23,MIA,PIT,0,16.0,10.0,6.0,-7.5,44.5,-297.0,255.0,108.0,-119.0,401437803,nflverse games.csv (close),-7.5,-109.0,-111.0,,-7.5,-7.6527041357077,7.6527041357077,,,
2022_07_CHI_NE,2022,7,REG,2022-10-24,NE,CHI,0,14.0,33.0,-19.0,-9.5,40.0,-392.0,327.0,-100.0,-110.0,401437804,nflverse games.csv (close),-9.0,100.0,-120.0,,-8.5,-8.37285701476218,8.37285701476218,,,
2022_08_BAL_TB,2022,8,REG,2022-10-27,TB,BAL,0,22.0,27.0,-5.0,-2.0,46.0,-128.0,116.0,-106.0,-104.0,401437805,nflverse games.csv (close),-1.5,-110.0,-110.0,,-2.0,-1.9922971325090937,1.9922971325090937,,,
2022_08_DEN_JAX,2022,8,REG,2022-10-30,JAX,DEN,1,17.0,21.0,-4.0,-1.0,41.0,-107.0,-103.0,101.0,-112.0,401435641,nflverse games.csv (close),-1.0,-112.0,-108.0,,-1.0,0.3500311468666167,-0.3500311468666167,,,
2022_08_CAR_ATL,2022,8,REG,2022-10-30,ATL,CAR,0,37.0,34.0,3.0,-4.5,41.0,-201.0,178.0,-100.0,-110.0,401437806,nflverse games.csv (close),-4.0,-113.0,-107.0,,-4.0,-5.323543951947581,5.323543951947581,,,
2022_08_CHI_DAL,2022,8,REG,2022-10-30,DAL,CHI,0,49.0,29.0,20.0,-10.5,43.0,-430.0,355.0,109.0,-121.0,401437807,nflverse games.csv (close),-10.5,-108.0,-112.0,,-9.5,-10.188241509843378,10.188241509843378,,,
2022_08_MIA_DET,2022,8,REG,2022-10-30,DET,MIA,0,27.0,31.0,-4.0,3.5,52.0,169.0,-190.0,102.0,-112.0,401437808,nflverse games.csv (close),3.5,-114.0,-106.0,,3.5,2.912626863651425,-2.912626863651425,,,
2022_08_ARI_MIN,2022,8,REG,2022-10-30,MIN,ARI,0,34.0,26.0,8.0,-4.0,48.5,-199.0,177.0,-105.0,-105.0,401437809,nflverse games.csv (close),-3.5,-114.0,-106.0,,-4.0,-7.059529729489231,7.059529729489231,,,
2022_08_LV_NO,2022,8,REG,2022-10-30,NO,LV,0,24.0,0.0,24.0,1.0,48.5,108.0,-119.0,101.0,-111.0,401437810,nflverse games.csv (close),,,,,,,,,,
2022_08_NE_NYJ,2022,8,REG,2022-10-30,NYJ,NE,0,17.0,22.0,-5.0,3.0,40.0,140.0,-155.0,-107.0,-103.0,401437811,nflverse games.csv (close),3.0,-115.0,-105.0,,3.0,1.6740707502993355,-1.6740707502993355,,,
2022_08_PIT_PHI,2022,8,REG,2022-10-30,PHI,PIT,0,35.0,13.0,22.0,-11.0,43.0,-490.0,397.0,-112.0,102.0,401437812,nflverse games.csv (close),-11.5,-110.0,-110.0,,-11.5,-10.982047605857977,10.982047605857977,,,
2022_08_TEN_HOU,2022,8,REG,2022-10-30,HOU,TEN,0,10.0,17.0,-7.0,1.0,39.0,104.0,-115.0,-103.0,-107.0,401437813,nflverse games.csv (close),0.0,-110.0,-110.0,,1.0,2.067588566324087,-2.067588566324087,,,
2022_08_WAS_IND,2022,8,REG,2022-10-30,IND,WAS,0,16.0,17.0,-1.0,-3.0,40.5,-151.0,136.0,103.0,-114.0,401437814,nflverse games.csv (close),-2.0,-120.0,100.0,,-3.0,-0.3182794007163143,0.3182794007163143,,,
2022_08_SF_LA,2022,8,REG,2022-10-30,LA,SF,0,14.0,31.0,-17.0,1.0,42.0,-106.0,-104.0,-114.0,103.0,401437815,nflverse games.csv (close),,,,,,,,,,
2022_08_NYG_SEA,2022,8,REG,2022-10-30,SEA,NYG,0,27.0,13.0,14.0,-3.0,44.5,-164.0,147.0,-110.0,-100.0,401437816,nflverse games.csv (close),-3.0,-105.0,-115.0,,-3.0,-3.932594985822924,3.932594985822924,,,
2022_08_GB_BUF,2022,8,REG,2022-10-30,BUF,GB,0,27.0,17.0,10.0,-10.5,47.0,-445.0,365.0,100.0,-110.0,401437817,nflverse games.csv (close),-10.5,-110.0,-110.0,,-10.5,-10.121815197126168,10.121815197126168,,,
2022_08_CIN_CLE,2022,8,REG,2022-10-31,CLE,CIN,0,32.0,13.0,19.0,3.0,45.0,147.0,-163.0,102.0,-112.0,401437818,nflverse games.csv (close),4.0,-112.0,-108.0,,3.0,5.2574026906578855,-5.2574026906578855,,,
2022_09_PHI_HOU,2022,9,REG,2022-11-03,HOU,PHI,0,17.0,29.0,-12.0,14.0,45.5,539.0,-702.0,-113.0,102.0,401437819,nflverse games.csv (close),14.0,-114.0,-106.0,,13.5,7.56971832177001,-7.56971832177001,,,
2022_09_LAC_ATL,2022,9,REG,2022-11-06,ATL,LAC,0,17.0,20.0,-3.0,2.5,49.5,130.0,-143.0,103.0,-114.0,401437820,nflverse games.csv (close),2.5,-110.0,-110.0,,2.5,0.1630118232859047,-0.1630118232859047,,,
2022_09_MIA_CHI,2022,9,REG,2022-11-06,CHI,MIA,0,32.0,35.0,-3.0,4.0,46.0,172.0,-193.0,-107.0,-103.0,401437821,nflverse games.csv (close),4.0,-108.0,-112.0,,4.0,4.645267927992136,-4.645267927992136,,,
2022_09_CAR_CIN,2022,9,REG,2022-11-06,CIN,CAR,0,42.0,21.0,21.0,-7.0,43.0,-331.0,282.0,-110.0,-100.0,401437822,nflverse games.csv (close),-7.0,-110.0,-110.0,,-7.0,-10.470249631184718,10.470249631184718,,,
2022_09_GB_DET,2022,9,REG,2022-11-06,DET,GB,0,15.0,9.0,6.0,4.0,49.5,170.0,-191.0,-103.0,-107.0,401437823,nflverse games.csv (close),4.0,-110.0,-110.0,,3.5,3.160800275217824,-3.160800275217824,,,
2022_09_LV_JAX,2022,9,REG,2022-11-06,JAX,LV,0,27.0,20.0,7.0,2.5,47.5,116.0,-129.0,-108.0,-102.0,401437824,nflverse games.csv (close),,,,,,,,,,
2022_09_IND_NE,2022,9,REG,2022-11-06,NE,IND,0,26.0,3.0,23.0,-5.0,40.0,-212.0,188.0,104.0,-115.0,401437825,nflverse games.csv (close),-5.0,-110.0,-110.0,,-5.0,-7.765072595122447,7.765072595122447,,,
2022_09_BUF_NYJ,2022,9,REG,2022-11-06,NYJ,BUF,0,20.0,17.0,3.0,11.0,46.0,400.0,-494.0,-114.0,103.0,401437826,nflverse games.csv (close),11.5,-110.0,-110.0,,11.0,9.005219209350786,-9.005219209350786,,,
2022_09_MIN_WAS,2022,9,REG,2022-11-06,WAS,MIN,0,17.0,20.0,-3.0,3.0,43.5,151.0,-169.0,108.0,-119.0,401437827,nflverse games.csv (close),4.0,-113.0,-107.0,,3.0,1.8576571071869648,-1.8576571071869648,,,
2022_09_SEA_ARI,2022,9,REG,2022-11-06,ARI,SEA,0,21.0,31.0,-10.0,-1.5,49.5,-128.0,116.0,-113.0,102.0,401437828,nflverse games.csv (close),-1.0,-110.0,-110.0,,-2.0,-0.413839246016396,0.413839246016396,,,
2022_09_LA_TB,2022,9,REG,2022-11-06,TB,LA,0,16.0,13.0,3.0,-3.0,43.0,-158.0,142.0,-106.0,-104.0,401437829,nflverse games.csv (close),,,,,,,,,,
2022_09_TEN_KC,2022,9,REG,2022-11-06,KC,TEN,0,20.0,17.0,3.0,-14.0,45.0,-689.0,530.0,-103.0,-107.0,401437830,nflverse games.csv (close),-14.0,-112.0,-108.0,,-14.0,-8.584927648203077,8.584927648203077,,,
2022_09_BAL_NO,2022,9,REG,2022-11-07,NO,BAL,0,13.0,27.0,-14.0,1.0,46.0,112.0,-124.0,106.0,-117.0,401437831,nflverse games.csv (close),1.0,-103.0,-117.0,,1.5,0.0757573937127547,-0.0757573937127547,,,
2022_10_ATL_CAR,2022,10,REG,2022-11-10,CAR,ATL,0,25.0,15.0,10.0,2.5,41.5,119.0,-132.0,-107.0,-103.0,401437832,nflverse games.csv (close),3.0,-110.0,-110.0,,2.5,2.478716513643878,-2.478716513643878,,,
2022_10_SEA_TB,2022,10,REG,2022-11-13,TB,SEA,1,21.0,16.0,5.0,-2.5,45.0,-138.0,124.0,-114.0,103.0,401435638,nflverse games.csv (close),-3.0,-105.0,-115.0,,-2.5,-1.3174256811827518,1.3174256811827518,,,
2022_10_MIN_BUF,2022,10,REG,2022-11-13,BUF,MIN,0,30.0,33.0,-3.0,-6.5,47.0,-264.0,230.0,-106.0,-104.0,401437833,nflverse games.csv (close),-6.5,-112.0,-108.0,,-7.0,-5.349234063808001,5.349234063808001,,,
2022_10_DET_CHI,2022,10,REG,2022-11-13,CHI,DET,0,30.0,31.0,-1.0,-3.0,48.5,-159.0,143.0,-105.0,-105.0,401437834,nflverse games.csv (close),-3.0,-110.0,-110.0,,-3.0,-1.7222100572303582,1.7222100572303582,,,
2022_10_JAX_KC,2022,10,REG,2022-11-13,KC,JAX,0,27.0,17.0,10.0,-10.0,51.5,-399.0,333.0,109.0,-120.0,401437835,nflverse games.csv (close),-10.0,-112.0,-108.0,,-9.5,-8.87467061623799,8.87467061623799,,,
2022_10_CLE_MIA,2022,10,REG,2022-11-13,MIA,CLE,0,39.0,17.0,22.0,-3.0,49.0,-177.0,158.0,-123.0,112.0,401437836,nflverse games.csv (close),-3.0,-125.0,105.0,,-3.0,-2.279176975181872,2.279176975181872,,,
2022_10_HOU_NYG,2022,10,REG,2022-11-13,NYG,HOU,0,24.0,16.0,8.0,-5.5,41.5,-221.0,195.0,102.0,-112.0,401437837,nflverse games.csv (close),-4.5,-103.0,-117.0,,-5.0,-6.085135109914987,6.085135109914987,,,
2022_10_NO_PIT,2022,10,REG,2022-11-13,PIT,NO,0,20.0,10.0,10.0,-1.0,39.5,-116.0,105.0,-107.0,-103.0,401437838,nflverse games.csv (close),-1.5,-108.0,-112.0,,-1.5,0.7645241184515928,-0.7645241184515928,,,
2022_10_DEN_TEN,2022,10,REG,2022-11-13,TEN,DEN,0,17.0,10.0,7.0,-2.5,40.0,-135.0,122.0,-105.0,-105.0,401437839,nflverse games.csv (close),-3.0,100.0,-120.0,,-2.5,-3.015773729956563,3.015773729956563,,,
2022_10_IND_LV,2022,10,REG,2022-11-13,LV,IND,0,20.0,25.0,-5.0,-4.5,41.0,-199.0,177.0,101.0,-112.0,401437840,nflverse games.csv (close),,,,,,,,,,
2022_10_DAL_GB,2022,10,REG,2022-11-13,GB,DAL,0,31.0,28.0,3.0,3.5,44.5,177.0,-199.0,102.0,-113.0,401437131,nflverse games.csv (close),3.5,-110.0,-110.0,,3.5,3.40565223816156,-3.40565223816156,,,
2022_10_ARI_LA,2022,10,REG,2022-11-13,LA,ARI,0,17.0,27.0,-10.0,-3.5,38.0,-183.0,160.0,-102.0,-110.0,401437841,nflverse games.csv (close),,,,,,,,,,
2022_10_LAC_SF,2022,10,REG,2022-11-13,SF,LAC,0,22.0,16.0,6.0,-8.5,45.5,-357.0,302.0,-105.0,-105.0,401437842,nflverse games.csv (close),-8.0,-109.0,-111.0,,-8.0,-5.2341936366255615,5.2341936366255615,,,
2022_10_WAS_PHI,2022,10,REG,2022-11-14,PHI,WAS,0,21.0,32.0,-11.0,-11.0,43.0,-501.0,405.0,-103.0,-107.0,401437843,nflverse games.csv (close),-11.0,-115.0,-105.0,,-11.0,-9.350866290039365,9.350866290039365,,,
2022_11_TEN_GB,2022,11,REG,2022-11-17,GB,TEN,0,17.0,27.0,-10.0,-3.0,40.5,-171.0,153.0,-117.0,106.0,401437844,nflverse games.csv (close),-2.5,-112.0,-108.0,,-3.0,-1.5502582999046983,1.5502582999046983,,,
2022_11_CHI_ATL,2022,11,REG,2022-11-20,ATL,CHI,0,27.0,24.0,3.0,-3.0,48.5,-138.0,125.0,110.0,-122.0,401437845,nflverse games.csv (close),-2.0,-109.0,-111.0,,-2.0,-3.586570487259288,3.586570487259288,,,
2022_11_CAR_BAL,2022,11,REG,2022-11-20,BAL,CAR,0,13.0,3.0,10.0,-13.0,42.0,-647.0,503.0,106.0,-117.0,401437846,nflverse games.csv (close),-12.0,-110.0,-110.0,,-13.0,-10.876703400442624,10.876703400442624,,,
2022_11_CLE_BUF,2022,11,REG,2022-11-20,BUF,CLE,1,31.0,23.0,8.0,-7.5,50.5,-353.0,298.0,-108.0,-103.0,401437847,nflverse games.csv (close),-7.5,-110.0,-110.0,,-7.5,-8.969421589535099,8.969421589535099,,,
2022_11_WAS_HOU,2022,11,REG,2022-11-20,HOU,WAS,0,10.0,23.0,-13.0,3.0,41.0,135.0,-150.0,-110.0,-100.0,401437848,nflverse games.csv (close),3.0,100.0,-120.0,,3.0,3.1253916926331704,-3.1253916926331704,,,
2022_11_PHI_IND,2022,11,REG,2022-11-20,IND,PHI,0,16.0,17.0,-1.0,6.5,45.5,235.0,-270.0,-102.0,-108.0,401437849,nflverse games.csv (close),6.5,-110.0,-110.0,,6.5,2.518035635929593,-2.518035635929593,,,
2022_11_NYJ_NE,2022,11,REG,2022-11-20,NE,NYJ,0,10.0,3.0,7.0,-3.5,38.5,-182.0,163.0,-102.0,-109.0,401437850,nflverse games.csv (close),-3.0,-114.0,-106.0,,-3.0,-2.187646021421771,2.187646021421771,,,
2022_11_LA_NO,2022,11,REG,2022-11-20,NO,LA,0,27.0,20.0,7.0,-2.5,39.5,-124.0,112.0,104.0,-115.0,401437851,nflverse games.csv (close),,,,,,,,,,
2022_11_DET_NYG,2022,11,REG,2022-11-20,NYG,DET,0,18.0,31.0,-13.0,-3.0,44.0,-159.0,143.0,-107.0,-104.0,401437852,nflverse games.csv (close),-3.0,,,,-3.0,-1.6267622889349636,1.6267622889349636,,,
2022_11_LV_DEN,2022,11,REG,2022-11-20,DEN,LV,0,16.0,22.0,-6.0,-2.5,41.5,-145.0,131.0,-117.0,106.0,401437853,nflverse games.csv (close),,,,,,,,,,
2022_11_DAL_MIN,2022,11,REG,2022-11-20,MIN,DAL,0,3.0,40.0,-37.0,1.5,48.5,118.0,-131.0,104.0,-115.0,401437855,nflverse games.csv (close),1.5,,,,1.5,-0.0278996978897483,0.0278996978897483,,,
2022_11_CIN_PIT,2022,11,REG,2022-11-20,PIT,CIN,0,30.0,37.0,-7.0,3.5,39.0,163.0,-182.0,-111.0,101.0,401437856,nflverse games.csv (close),3.5,-110.0,-110.0,,3.5,7.472218866228482,-7.472218866228482,,,
2022_11_KC_LAC,2022,11,REG,2022-11-20,LAC,KC,0,27.0,30.0,-3.0,5.5,52.5,203.0,-231.0,-108.0,-102.0,401437854,nflverse games.csv (close),5.0,-110.0,-110.0,,5.0,3.096543970605875,-3.096543970605875,,,
2022_11_SF_ARI,2022,11,REG,2022-11-21,ARI,SF,1,10.0,38.0,-28.0,10.0,43.5,350.0,-422.0,-113.0,103.0,401435642,nflverse games.csv (close),8.0,-107.0,-113.0,,8.0,6.290460430262256,-6.290460430262256,,,
2022_12_BUF_DET,2022,12,REG,2022-11-24,DET,BUF,0,25.0,28.0,-3.0,10.0,54.0,342.0,-412.0,-116.0,105.0,401437857,nflverse games.csv (close),9.5,-110.0,-110.0,,9.5,7.282782686682911,-7.282782686682911,,,
2022_12_NYG_DAL,2022,12,REG,2022-11-24,DAL,NYG,0,28.0,20.0,8.0,-10.5,45.5,-441.0,363.0,104.0,-114.0,401437858,nflverse games.csv (close),-7.0,-105.0,-115.0,,-7.0,-11.294122068100991,11.294122068100991,,,
2022_12_NE_MIN,2022,12,REG,2022-11-24,MIN,NE,0,33.0,26.0,7.0,-2.5,42.5,-136.0,123.0,-108.0,-102.0,401437859,nflverse games.csv (close),-2.5,-116.0,-104.0,,-2.5,-1.4423833955380392,1.4423833955380392,,,
2022_12_DEN_CAR,2022,12,REG,2022-11-27,CAR,DEN,0,23.0,10.0,13.0,1.0,36.5,105.0,-116.0,-101.0,-109.0,401437860,nflverse games.csv (close),2.5,-105.0,-115.0,,2.5,-0.2143823979328788,0.2143823979328788,,,
2022_12_TB_CLE,2022,12,REG,2022-11-27,CLE,TB,0,23.0,17.0,6.0,3.0,42.0,151.0,-169.0,107.0,-118.0,401437861,nflverse games.csv (close),3.5,-110.0,-110.0,,3.0,0.6849707844348057,-0.6849707844348057,,,
2022_12_BAL_JAX,2022,12,REG,2022-11-27,JAX,BAL,0,28.0,27.0,1.0,3.5,43.0,147.0,-164.0,-123.0,111.0,401437862,nflverse games.csv (close),3.0,-105.0,-115.0,,3.0,3.697554057857484,-3.697554057857484,,,
2022_12_HOU_MIA,2022,12,REG,2022-11-27,MIA,HOU,0,30.0,15.0,15.0,-14.0,47.0,-822.0,613.0,-109.0,-101.0,401437863,nflverse games.csv (close),-14.0,-110.0,-110.0,,-14.0,-15.208026131355805,15.208026131355805,,,
2022_12_CHI_NYJ,2022,12,REG,2022-11-27,NYJ,CHI,0,31.0,10.0,21.0,-8.5,36.5,-375.0,315.0,-103.0,-107.0,401437864,nflverse games.csv (close),-3.5,-105.0,-115.0,,-3.5,-4.1357569602485045,4.1357569602485045,,,
2022_12_CIN_TEN,2022,12,REG,2022-11-27,TEN,CIN,0,16.0,20.0,-4.0,1.0,43.0,-105.0,-105.0,-113.0,102.0,401437865,nflverse games.csv (close),2.0,-108.0,-112.0,,2.0,0.010624194618756,-0.010624194618756,,,
2022_12_ATL_WAS,2022,12,REG,2022-11-27,WAS,ATL,0,19.0,13.0,6.0,-3.5,40.5,-183.0,163.0,-100.0,-110.0,401437866,nflverse games.csv (close),-4.5,-110.0,-110.0,,-3.5,-2.6329328025196235,2.6329328025196235,,,
2022_12_LAC_ARI,2022,12,REG,2022-11-27,ARI,LAC,0,24.0,25.0,-1.0,2.5,48.5,123.0,-136.0,-102.0,-108.0,401437867,nflverse games.csv (close),2.0,-110.0,-110.0,,2.5,0.621907388284547,-0.621907388284547,,,
2022_12_LV_SEA,2022,12,REG,2022-11-27,SEA,LV,0,34.0,40.0,-6.0,-4.0,47.5,-196.0,174.0,-103.0,-107.0,401437868,nflverse games.csv (close),,,,,,,,,,
2022_12_LA_KC,2022,12,REG,2022-11-27,KC,LA,0,26.0,10.0,16.0,-16.5,42.0,-1088.0,768.0,105.0,-115.0,401437869,nflverse games.csv (close),,,,,,,,,,
2022_12_NO_SF,2022,12,REG,2022-11-27,SF,NO,0,13.0,0.0,13.0,-9.5,44.0,-392.0,327.0,103.0,-113.0,401437870,nflverse games.csv (close),-9.5,-110.0,-110.0,,-8.5,-8.601089424505417,8.601089424505417,,,
2022_12_GB_PHI,2022,12,REG,2022-11-27,PHI,GB,0,40.0,33.0,7.0,-6.5,46.0,-278.0,241.0,-105.0,-105.0,401437871,nflverse games.csv (close),-6.0,-110.0,-110.0,,-6.0,-5.723081857086426,5.723081857086426,,,
2022_12_PIT_IND,2022,12,REG,2022-11-28,IND,PIT,0,17.0,24.0,-7.0,-2.5,40.0,-128.0,116.0,-100.0,-110.0,401437872,nflverse games.csv (close),-2.5,-122.0,102.0,,-2.5,-4.980526078494685,4.980526078494685,,,
2022_13_BUF_NE,2022,13,REG,2022-12-01,NE,BUF,0,10.0,24.0,-14.0,3.5,43.5,165.0,-185.0,-105.0,-105.0,401437873,nflverse games.csv (close),5.5,-110.0,-110.0,,4.0,3.355154210233536,-3.355154210233536,,,
2022_13_PIT_ATL,2022,13,REG,2022-12-04,ATL,PIT,0,16.0,19.0,-3.0,1.0,43.0,103.0,-113.0,-105.0,-105.0,401437874,nflverse games.csv (close),-1.5,-110.0,-110.0,,1.0,-2.573918961779217,2.573918961779217,,,
2022_13_DEN_BAL,2022,13,REG,2022-12-04,BAL,DEN,0,10.0,9.0,1.0,-9.5,40.5,-347.0,294.0,112.0,-124.0,401437875,nflverse games.csv (close),-6.5,-110.0,-110.0,,-8.5,-9.290762800375566,9.290762800375566,,,
2022_13_GB_CHI,2022,13,REG,2022-12-04,CHI,GB,0,19.0,28.0,-9.0,4.0,45.0,163.0,-182.0,-116.0,105.0,401437876,nflverse games.csv (close),2.5,-110.0,-110.0,,3.5,3.572174363886456,-3.572174363886456,,,
2022_13_JAX_DET,2022,13,REG,2022-12-04,DET,JAX,0,40.0,14.0,26.0,-1.0,51.5,-118.0,107.0,-110.0,-100.0,401437877,nflverse games.csv (close),1.0,-110.0,-110.0,,-1.5,-1.922502248062654,1.922502248062654,,,
2022_13_CLE_HOU,2022,13,REG,2022-12-04,HOU,CLE,0,14.0,27.0,-13.0,7.5,47.0,280.0,-329.0,-102.0,-108.0,401437878,nflverse games.csv (close),7.5,,,,7.5,10.679861559231444,-10.679861559231444,,,
2022_13_NYJ_MIN,2022,13,REG,2022-12-04,MIN,NYJ,0,27.0,22.0,5.0,-3.0,44.0,-146.0,132.0,106.0,-117.0,401437879,nflverse games.csv (close),-2.5,-117.0,-103.0,,-2.5,-4.355125986729243,4.355125986729243,,,
2022_13_WAS_NYG,2022,13,REG,2022-12-04,NYG,WAS,0,20.0,20.0,0.0,2.5,40.0,113.0,-124.0,-116.0,105.0,401437880,nflverse games.csv (close),1.5,-110.0,-110.0,,2.5,-0.1367084865259305,0.1367084865259305,,,
2022_13_TEN_PHI,2022,13,REG,2022-12-04,PHI,TEN,0,35.0,10.0,25.0,-5.0,44.5,-213.0,189.0,-101.0,-109.0,401437881,nflverse games.csv (close),-5.0,,,,-5.0,-5.985033805038447,5.985033805038447,,,
2022_13_SEA_LA,2022,13,REG,2022-12-04,LA,SEA,0,23.0,27.0,-4.0,7.0,41.0,252.0,-292.0,-118.0,107.0,401437882,nflverse games.csv (close),,,,,,,,,,
2022_13_MIA_SF,2022,13,REG,2022-12-04,SF,MIA,0,33.0,17.0,16.0,-4.5,46.0,-222.0,196.0,-111.0,101.0,401437883,nflverse games.csv (close),-5.0,-110.0,-110.0,,-5.0,-3.947616816561305,3.947616816561305,,,
2022_13_KC_CIN,2022,13,REG,2022-12-04,CIN,KC,0,27.0,24.0,3.0,2.5,53.0,120.0,-132.0,-102.0,-108.0,401437884,nflverse games.csv (close),2.5,,,,2.5,-0.4075191448463242,0.4075191448463242,,,
2022_13_LAC_LV,2022,13,REG,2022-12-04,LV,LAC,0,27.0,20.0,7.0,-2.5,49.0,-139.0,125.0,-109.0,-102.0,401437885,nflverse games.csv (close),,,,,,,,,,
2022_13_IND_DAL,2022,13,REG,2022-12-04,DAL,IND,0,54.0,19.0,35.0,-11.0,44.5,-460.0,376.0,-101.0,-109.0,401437886,nflverse games.csv (close),-11.0,,,,-11.0,-8.654634013249336,8.654634013249336,,,
2022_13_NO_TB,2022,13,REG,2022-12-05,TB,NO,0,17.0,16.0,1.0,-3.5,41.0,-190.0,169.0,-105.0,-105.0,401437887,nflverse games.csv (close),-3.0,-110.0,-110.0,,-3.0,-4.078047758390362,4.078047758390362,,,
2022_14_LV_LA,2022,14,REG,2022-12-08,LA,LV,0,17.0,16.0,1.0,6.5,42.5,245.0,-283.0,101.0,-112.0,401437888,nflverse games.csv (close),,,,,,,,,,
2022_14_NYJ_BUF,2022,14,REG,2022-12-11,BUF,NYJ,0,20.0,12.0,8.0,-10.0,43.5,-398.0,332.0,-102.0,-108.0,401437889,nflverse games.csv (close),-9.5,-110.0,-110.0,,-9.0,-8.68985355949547,8.68985355949547,,,
2022_14_CLE_CIN,2022,14,REG,2022-12-11,CIN,CLE,0,23.0,10.0,13.0,-4.5,47.0,-204.0,181.0,-102.0,-108.0,401437890,nflverse games.csv (close),-6.0,-110.0,-110.0,,-6.0,-3.3099121340483344,3.3099121340483344,,,
2022_14_HOU_DAL,2022,14,REG,2022-12-11,DAL,HOU,0,27.0,23.0,4.0,-17.0,44.5,-1365.0,918.0,-115.0,104.0,401437891,nflverse games.csv (close),-17.0,,,,-17.0,-15.847687722666922,15.847687722666922,,,
2022_14_MIN_DET,2022,14,REG,2022-12-11,DET,MIN,0,34.0,23.0,11.0,-2.5,51.5,-132.0,119.0,-102.0,-108.0,401437892,nflverse games.csv (close),-1.5,-110.0,-110.0,,-1.5,1.3486577565633031,-1.3486577565633031,,,
2022_14_PHI_NYG,2022,14,REG,2022-12-11,NYG,PHI,0,22.0,48.0,-26.0,7.5,44.5,260.0,-302.0,-115.0,104.0,401437893,nflverse games.csv (close),7.5,,,,7.5,8.355429034483558,-8.355429034483558,,,
2022_14_BAL_PIT,2022,14,REG,2022-12-11,PIT,BAL,0,14.0,16.0,-2.0,-1.5,37.0,-124.0,112.0,-109.0,-101.0,401437894,nflverse games.csv (close),4.0,-110.0,-110.0,,-1.5,-1.6603843979585045,1.6603843979585045,,,
2022_14_JAX_TEN,2022,14,REG,2022-12-11,TEN,JAX,0,22.0,36.0,-14.0,-3.0,42.0,-169.0,151.0,-117.0,106.0,401437895,nflverse games.csv (close),-3.5,-110.0,-110.0,,-4.0,-4.267277728587255,4.267277728587255,,,
2022_14_KC_DEN,2022,14,REG,2022-12-11,DEN,KC,0,28.0,34.0,-6.0,8.5,44.5,329.0,-394.0,-103.0,-108.0,401437899,nflverse games.csv (close),8.5,,,,8.5,6.66422531426877,-6.66422531426877,,,
2022_14_CAR_SEA,2022,14,REG,2022-12-11,SEA,CAR,0,24.0,30.0,-6.0,-3.5,44.5,-200.0,178.0,-117.0,106.0,401437898,nflverse games.csv (close),-3.5,-110.0,-110.0,,-3.5,-6.013640305430776,6.013640305430776,,,
2022_14_TB_SF,2022,14,REG,2022-12-11,SF,TB,0,35.0,7.0,28.0,-3.5,38.0,-196.0,175.0,-103.0,-107.0,401437897,nflverse games.csv (close),-3.5,,,,-3.5,-0.6108567094794202,0.6108567094794202,,,
2022_14_MIA_LAC,2022,14,REG,2022-12-11,LAC,MIA,0,23.0,17.0,6.0,3.0,54.5,146.0,-163.0,102.0,-113.0,401437896,nflverse games.csv (close),3.0,-112.0,-108.0,,3.0,-1.1385302705093814,1.1385302705093814,,,
2022_14_NE_ARI,2022,14,REG,2022-12-12,ARI,NE,0,13.0,27.0,-14.0,2.0,44.0,113.0,-125.0,-106.0,-104.0,401437900,nflverse games.csv (close),2.0,-113.0,-107.0,,2.0,-0.4870455106319094,0.4870455106319094,,,
2022_15_SF_SEA,2022,15,REG,2022-12-15,SEA,SF,0,13.0,21.0,-8.0,3.0,43.0,152.0,-169.0,104.0,-115.0,401437901,nflverse games.csv (close),3.0,,,,3.0,1.777147653425086,-1.777147653425086,,,
2022_15_IND_MIN,2022,15,REG,2022-12-17,MIN,IND,0,39.0,36.0,3.0,-3.5,46.5,-188.0,168.0,-107.0,-103.0,401437904,nflverse games.csv (close),-3.5,,,,-3.5,-4.056227865166826,4.056227865166826,,,
2022_15_BAL_CLE,2022,15,REG,2022-12-17,CLE,BAL,0,13.0,3.0,10.0,-2.5,39.5,-155.0,139.0,-125.0,113.0,401437903,nflverse games.csv (close),-3.0,-110.0,-110.0,,-3.0,-5.650085260885475,5.650085260885475,,,
2022_15_MIA_BUF,2022,15,REG,2022-12-17,BUF,MIA,0,32.0,29.0,3.0,-7.0,44.0,-320.0,273.0,-106.0,-104.0,401437902,nflverse games.csv (close),-7.0,,,,-7.0,-6.101837781847426,6.101837781847426,,,
2022_15_PIT_CAR,2022,15,REG,2022-12-18,CAR,PIT,0,16.0,24.0,-8.0,-2.5,36.5,-145.0,130.0,-110.0,-100.0,401437907,nflverse games.csv (close),-2.5,,,,-2.5,-1.497059459374882,1.497059459374882,,,
2022_15_PHI_CHI,2022,15,REG,2022-12-18,CHI,PHI,0,20.0,25.0,-5.0,8.5,48.0,323.0,-386.0,-106.0,-104.0,401437908,nflverse games.csv (close),8.5,,,,8.5,8.7890095472501,-8.7890095472501,,,
2022_15_KC_HOU,2022,15,REG,2022-12-18,HOU,KC,0,24.0,30.0,-6.0,14.5,48.5,572.0,-755.0,-120.0,109.0,401437909,nflverse games.csv (close),14.0,-110.0,-110.0,,14.0,11.236274290474611,-11.236274290474611,,,
2022_15_DAL_JAX,2022,15,REG,2022-12-18,JAX,DAL,0,40.0,34.0,6.0,4.0,48.5,168.0,-188.0,-110.0,100.0,401437910,nflverse games.csv (close),6.0,-112.0,-108.0,,4.0,3.3395543066657813,-3.3395543066657813,,,
2022_15_ATL_NO,2022,15,REG,2022-12-18,NO,ATL,0,21.0,18.0,3.0,-5.0,43.5,-231.0,203.0,-113.0,103.0,401437905,nflverse games.csv (close),-3.5,-107.0,-113.0,,-5.5,-4.405634818347049,4.405634818347049,,,
2022_15_DET_NYJ,2022,15,REG,2022-12-18,NYJ,DET,0,17.0,20.0,-3.0,-2.0,44.0,-132.0,120.0,-110.0,-100.0,401437911,nflverse games.csv (close),-3.0,-110.0,-110.0,,-2.0,0.3061027841310085,-0.3061027841310085,,,
2022_15_ARI_DEN,2022,15,REG,2022-12-18,DEN,ARI,0,24.0,15.0,9.0,-1.5,37.5,-121.0,110.0,-106.0,-104.0,401437912,nflverse games.csv (close),-1.0,-110.0,-110.0,,-1.5,-3.562666049245556,3.562666049245556,,,
2022_15_NE_LV,2022,15,REG,2022-12-18,LV,NE,0,30.0,24.0,6.0,-1.0,45.0,-129.0,117.0,-122.0,111.0,401437915,nflverse games.csv (close),,,,,,,,,,
2022_15_TEN_LAC,2022,15,REG,2022-12-18,LAC,TEN,0,17.0,14.0,3.0,-3.0,46.5,-158.0,142.0,-102.0,-108.0,401437913,nflverse games.csv (close),-3.0,,,,-3.0,-3.086522366571472,3.086522366571472,,,
2022_15_CIN_TB,2022,15,REG,2022-12-18,TB,CIN,0,23.0,34.0,-11.0,3.5,47.0,150.0,-167.0,-120.0,108.0,401437914,nflverse games.csv (close),3.5,,,,3.5,4.785210910490403,-4.785210910490403,,,
2022_15_NYG_WAS,2022,15,REG,2022-12-18,WAS,NYG,0,12.0,20.0,-8.0,-4.5,40.5,-203.0,180.0,103.0,-114.0,401437906,nflverse games.csv (close),-4.5,,,,-4.5,-5.035977195195392,5.035977195195392,,,
2022_15_LA_GB,2022,15,REG,2022-12-19,GB,LA,0,24.0,12.0,12.0,-8.0,39.5,-356.0,301.0,101.0,-111.0,401437916,nflverse games.csv (close),,,,,,,,,,
2022_16_JAX_NYJ,2022,16,REG,2022-12-22,NYJ,JAX,0,3.0,19.0,-16.0,-2.5,36.5,-136.0,123.0,-106.0,-104.0,401437917,nflverse games.csv (close),-1.5,-110.0,-110.0,,-2.5,-0.7742326838739773,0.7742326838739773,,,
2022_16_ATL_BAL,2022,16,REG,2022-12-24,BAL,ATL,0,17.0,9.0,8.0,-6.5,35.0,-274.0,238.0,-102.0,-108.0,401437918,nflverse games.csv (close),-6.5,-110.0,-110.0,,-6.5,-9.064596189911146,9.064596189911146,,,
2022_16_DET_CAR,2022,16,REG,2022-12-24,CAR,DET,0,37.0,23.0,14.0,2.5,43.5,117.0,-129.0,-111.0,101.0,401437919,nflverse games.csv (close),2.5,,,,2.5,1.2767682843081398,-1.2767682843081398,,,
2022_16_BUF_CHI,2022,16,REG,2022-12-24,CHI,BUF,0,13.0,35.0,-22.0,8.0,40.0,304.0,-360.0,-100.0,-110.0,401437920,nflverse games.csv (close),8.0,,,,8.0,6.628925261850013,-6.628925261850013,,,
2022_16_NO_CLE,2022,16,REG,2022-12-24,CLE,NO,0,10.0,17.0,-7.0,-3.0,32.0,-181.0,162.0,-123.0,111.0,401437921,nflverse games.csv (close),-3.0,-113.0,-107.0,,-3.0,-5.568040536042696,5.568040536042696,,,
2022_16_SEA_KC,2022,16,REG,2022-12-24,KC,SEA,0,24.0,10.0,14.0,-10.5,50.5,-447.0,367.0,-103.0,-107.0,401437922,nflverse games.csv (close),-9.5,-110.0,-110.0,,-10.0,-10.217031080031736,10.217031080031736,,,
2022_16_NYG_MIN,2022,16,REG,2022-12-24,MIN,NYG,0,27.0,24.0,3.0,-4.5,48.0,-215.0,191.0,-108.0,-102.0,401437923,nflverse games.csv (close),-4.5,,,,-4.5,-6.316251462354094,6.316251462354094,,,
2022_16_CIN_NE,2022,16,REG,2022-12-24,NE,CIN,0,18.0,22.0,-4.0,3.0,42.0,136.0,-151.0,-110.0,100.0,401437924,nflverse games.csv (close),3.0,,,,3.0,3.732999592744493,-3.732999592744493,,,
2022_16_HOU_TEN,2022,16,REG,2022-12-24,TEN,HOU,0,14.0,19.0,-5.0,-3.0,34.0,-170.0,153.0,-113.0,103.0,401437925,nflverse games.csv (close),-9.0,-107.0,-113.0,,-3.0,-9.25652562297046,9.25652562297046,,,
2022_16_WAS_SF,2022,16,REG,2022-12-24,SF,WAS,0,37.0,20.0,17.0,-6.5,37.5,-279.0,241.0,-103.0,-107.0,401437926,nflverse games.csv (close),-6.5,,,,-6.5,-6.917958504933775,6.917958504933775,,,
2022_16_PHI_DAL,2022,16,REG,2022-12-24,DAL,PHI,0,40.0,34.0,6.0,-4.0,48.0,-200.0,178.0,-106.0,-104.0,401437927,nflverse games.csv (close),-4.0,,,,-4.0,-3.355823451027118,3.355823451027118,,,
2022_16_LV_PIT,2022,16,REG,2022-12-24,PIT,LV,0,13.0,10.0,3.0,-2.5,38.5,-141.0,127.0,-102.0,-108.0,401437928,nflverse games.csv (close),,,,,,,,,,
2022_16_GB_MIA,2022,16,REG,2022-12-25,MIA,GB,0,20.0,26.0,-6.0,-3.5,49.0,-182.0,163.0,-103.0,-107.0,401437929,nflverse games.csv (close),-3.5,-110.0,-110.0,,-3.5,-2.428156394247252,2.428156394247252,,,
2022_16_DEN_LA,2022,16,REG,2022-12-25,LA,DEN,0,51.0,14.0,37.0,3.0,36.5,155.0,-173.0,105.0,-116.0,401436983,nflverse games.csv (close),,,,,,,,,,
2022_16_TB_ARI,2022,16,REG,2022-12-25,ARI,TB,0,16.0,19.0,-3.0,7.5,41.5,273.0,-320.0,-113.0,102.0,401437930,nflverse games.csv (close),7.5,,,,7.5,3.559121857569413,-3.559121857569413,,,
2022_16_LAC_IND,2022,16,REG,2022-12-26,IND,LAC,0,3.0,20.0,-17.0,3.5,44.5,165.0,-185.0,-108.0,-102.0,401437931,nflverse games.csv (close),2.5,-110.0,-110.0,,3.5,2.319376500802192,-2.319376500802192,,,
2022_17_DAL_TEN,2022,17,REG,2022-12-29,TEN,DAL,0,13.0,27.0,-14.0,14.0,41.0,563.0,-741.0,-110.0,-100.0,401437932,nflverse games.csv (close),3.0,-110.0,-110.0,,13.5,6.866817118425405,-6.866817118425405,,,
2022_17_ARI_ATL,2022,17,REG,2023-01-01,ATL,ARI,0,20.0,19.0,1.0,-7.0,41.0,-279.0,241.0,108.0,-119.0,401437933,nflverse games.csv (close),-3.0,-110.0,-110.0,,-6.5,-5.20504393276154,5.20504393276154,,,
2022_17_CHI_DET,2022,17,REG,2023-01-01,DET,CHI,0,41.0,10.0,31.0,-4.5,52.5,-219.0,194.0,-105.0,-105.0,401437935,nflverse games.csv (close),-6.5,-110.0,-110.0,,-4.0,-7.021593068501886,7.021593068501886,,,
2022_17_JAX_HOU,2022,17,REG,2023-01-01,HOU,JAX,0,3.0,31.0,-28.0,3.5,43.0,167.0,-187.0,-106.0,-104.0,401437936,nflverse games.csv (close),3.5,,,,3.5,6.20316901288419,-6.20316901288419,,,
2022_17_DEN_KC,2022,17,REG,2023-01-01,KC,DEN,0,27.0,24.0,3.0,-13.5,46.0,-711.0,544.0,104.0,-114.0,401437937,nflverse games.csv (close),-10.0,-113.0,-107.0,,-13.0,-9.85578494005296,9.85578494005296,,,
2022_17_MIA_NE,2022,17,REG,2023-01-01,NE,MIA,0,23.0,21.0,2.0,-3.0,41.5,-160.0,144.0,-104.0,-106.0,401437938,nflverse games.csv (close),-3.0,,,,-3.0,-2.40021070333089,2.40021070333089,,,
2022_17_IND_NYG,2022,17,REG,2023-01-01,NYG,IND,0,38.0,10.0,28.0,-5.5,38.5,-229.0,202.0,-105.0,-105.0,401437939,nflverse games.csv (close),-5.5,,,,-5.5,-2.395215481862103,2.395215481862103,,,
2022_17_NO_PHI,2022,17,REG,2023-01-01,PHI,NO,0,10.0,20.0,-10.0,-5.5,41.5,-225.0,198.0,-100.0,-110.0,401437940,nflverse games.csv (close),-7.0,-107.0,-113.0,,-4.5,-7.156955032429778,7.156955032429778,,,
2022_17_CAR_TB,2022,17,REG,2023-01-01,TB,CAR,0,30.0,24.0,6.0,-3.5,40.5,-184.0,164.0,-100.0,-110.0,401437941,nflverse games.csv (close),-6.5,-108.0,-112.0,,-3.0,-1.4802508912891208,1.4802508912891208,,,
2022_17_CLE_WAS,2022,17,REG,2023-01-01,WAS,CLE,0,10.0,24.0,-14.0,-1.0,41.5,-117.0,106.0,-110.0,-101.0,401437942,nflverse games.csv (close),-1.0,,,,-1.0,0.7832476613409477,-0.7832476613409477,,,
2022_17_SF_LV,2022,17,REG,2023-01-01,LV,SF,0,34.0,37.0,-3.0,10.0,41.5,371.0,-453.0,-107.0,-103.0,401437943,nflverse games.csv (close),,,,,,,,,,
2022_17_NYJ_SEA,2022,17,REG,2023-01-01,SEA,NYJ,0,23.0,6.0,17.0,1.0,43.0,102.0,-113.0,-105.0,-105.0,401437944,nflverse games.csv (close),1.0,,,,1.0,-1.0285137799533262,1.0285137799533262,,,
2022_17_MIN_GB,2022,17,REG,2023-01-01,GB,MIN,0,41.0,17.0,24.0,-3.0,47.5,-173.0,155.0,-117.0,106.0,401437945,nflverse games.csv (close),-3.0,,,,-3.0,-2.509154821106069,2.509154821106069,,,
2022_17_LA_LAC,2022,17,REG,2023-01-01,LAC,LA,0,31.0,10.0,21.0,-6.5,41.5,-283.0,244.0,-108.0,-102.0,401437946,nflverse games.csv (close),,,,,,,,,,
2022_17_PIT_BAL,2022,17,REG,2023-01-01,BAL,PIT,0,13.0,16.0,-3.0,-1.0,35.5,-121.0,110.0,-113.0,102.0,401437934,nflverse games.csv (close),-1.0,,,,-1.0,-3.144731885621061,3.144731885621061,,,
2022_18_KC_LV,2022,18,REG,2023-01-07,LV,KC,0,13.0,31.0,-18.0,9.0,51.5,338.0,-407.0,-105.0,-105.0,401437961,nflverse games.csv (close),,,,,,,,,,
2022_18_TEN_JAX,2022,18,REG,2023-01-07,JAX,TEN,0,20.0,16.0,4.0,-6.0,39.5,-260.0,227.0,-104.0,-106.0,401437954,nflverse games.csv (close),-6.0,,,,-6.0,-6.897027690001447,6.897027690001447,,,
2022_18_TB_ATL,2022,18,REG,2023-01-08,ATL,TB,0,30.0,17.0,13.0,-6.0,40.5,-235.0,207.0,100.0,-110.0,401437948,nflverse games.csv (close),-6.0,,,,-6.0,3.703982340632712,-3.703982340632712,,,
2022_18_NE_BUF,2022,18,REG,2023-01-08,BUF,NE,0,35.0,23.0,12.0,-8.0,44.0,-373.0,314.0,-115.0,104.0,401437949,nflverse games.csv (close),-8.0,,,,-8.0,-7.091933908607455,7.091933908607455,,,
2022_18_MIN_CHI,2022,18,REG,2023-01-08,CHI,MIN,0,13.0,29.0,-16.0,6.5,42.5,227.0,-260.0,-106.0,-104.0,401437950,nflverse games.csv (close),2.0,-110.0,-110.0,,6.0,9.813075940723111,-9.813075940723111,,,
2022_18_BAL_CIN,2022,18,REG,2023-01-08,CIN,BAL,0,27.0,16.0,11.0,-11.0,39.0,-603.0,474.0,-116.0,105.0,401437951,nflverse games.csv (close),-11.0,,,,-11.0,-9.997238958868923,9.997238958868923,,,
2022_18_HOU_IND,2022,18,REG,2023-01-08,IND,HOU,0,31.0,32.0,-1.0,-3.0,38.0,-142.0,128.0,108.0,-119.0,401437953,nflverse games.csv (close),-2.5,-114.0,-106.0,,-3.0,-0.5836619762964195,0.5836619762964195,,,
2022_18_NYJ_MIA,2022,18,REG,2023-01-08,MIA,NYJ,0,11.0,6.0,5.0,-3.5,37.5,-200.0,178.0,-107.0,-103.0,401437955,nflverse games.csv (close),-3.5,,,,-3.5,3.315719761075676,-3.315719761075676,,,
2022_18_CAR_NO,2022,18,REG,2023-01-08,NO,CAR,0,7.0,10.0,-3.0,-3.5,41.5,-179.0,160.0,103.0,-114.0,401437956,nflverse games.csv (close),-3.0,-110.0,-110.0,,-3.5,-3.727943010223518,3.727943010223518,,,
2022_18_CLE_PIT,2022,18,REG,2023-01-08,PIT,CLE,0,28.0,14.0,14.0,-2.5,40.0,-142.0,128.0,-109.0,-101.0,401437958,nflverse games.csv (close),-1.5,-114.0,-106.0,,-2.5,-0.2015842625523906,0.2015842625523906,,,
2022_18_LAC_DEN,2022,18,REG,2023-01-08,DEN,LAC,0,31.0,28.0,3.0,-6.0,38.5,-254.0,222.0,-106.0,-104.0,401437960,nflverse games.csv (close),-2.0,-110.0,-110.0,,-6.5,2.887528358810074,-2.887528358810074,,,
2022_18_NYG_PHI,2022,18,REG,2023-01-08,PHI,NYG,0,22.0,16.0,6.0,-16.5,42.5,-1252.0,858.0,-107.0,-103.0,401437957,nflverse games.csv (close),-16.5,,,,-16.5,-11.399895371529388,11.399895371529388,,,
2022_18_LA_SEA,2022,18,REG,2023-01-08,SEA,LA,0,19.0,16.0,3.0,-5.5,41.5,-224.0,198.0,102.0,-112.0,401437963,nflverse games.csv (close),,,,,,,,,,
2022_18_ARI_SF,2022,18,REG,2023-01-08,SF,ARI,0,38.0,13.0,25.0,-14.0,40.0,-1061.0,753.0,-111.0,100.0,401437962,nflverse games.csv (close),-10.5,-110.0,-110.0,,-14.5,-14.659317673630092,14.659317673630092,,,
2022_18_DAL_WAS,2022,18,REG,2023-01-08,WAS,DAL,0,26.0,6.0,20.0,7.5,40.5,274.0,-320.0,-110.0,-100.0,401437959,nflverse games.csv (close),-4.5,-110.0,-110.0,,7.5,6.7089169731644684,-6.7089169731644684,,,
2022_18_DET_GB,2022,18,REG,2023-01-08,GB,DET,0,16.0,20.0,-4.0,-5.5,49.0,-273.0,237.0,-100.0,-110.0,401437952,nflverse games.csv (close),-5.5,,,,-5.5,-2.856163774916913,2.856163774916913,,,
2022_19_SEA_SF,2022,19,WC,2023-01-14,SF,SEA,0,41.0,23.0,18.0,-10.0,42.0,-447.0,367.0,112.0,-123.0,401438000,nflverse games.csv (close),-10.0,,,,-10.0,-8.214257222561747,8.214257222561747,,,
2022_19_LAC_JAX,2022,19,WC,2023-01-14,JAX,LAC,0,31.0,30.0,1.0,2.0,46.5,114.0,-126.0,-108.0,-102.0,401437998,nflverse games.csv (close),2.0,,,,2.0,-0.5644449189380996,0.5644449189380996,,,
2022_19_MIA_BUF,2022,19,WC,2023-01-15,BUF,MIA,0,34.0,31.0,3.0,-14.0,44.0,-882.0,649.0,105.0,-116.0,401438002,nflverse games.csv (close),-14.0,,,,-14.0,-7.183582691995998,7.183582691995998,,,
2022_19_NYG_MIN,2022,19,WC,2023-01-15,MIN,NYG,0,24.0,31.0,-7.0,-2.5,48.0,-142.0,129.0,-113.0,103.0,401438001,nflverse games.csv (close),-2.5,,,,-2.5,-3.769463807432036,3.769463807432036,,,
2022_19_BAL_CIN,2022,19,WC,2023-01-15,CIN,BAL,0,24.0,17.0,7.0,-7.5,40.0,-370.0,311.0,-106.0,-104.0,401437999,nflverse games.csv (close),-7.5,,,,-7.5,-6.5259627529001385,6.5259627529001385,,,
2022_19_DAL_TB,2022,19,WC,2023-01-16,TB,DAL,0,14.0,31.0,-17.0,2.5,45.5,122.0,-135.0,-103.0,-108.0,401438003,nflverse games.csv (close),2.5,,,,2.5,5.156518448752604,-5.156518448752604,,,
2022_20_JAX_KC,2022,20,DIV,2023-01-21,KC,JAX,0,27.0,20.0,7.0,-10.0,52.5,-461.0,377.0,108.0,-119.0,401438005,nflverse games.csv (close),-10.0,,,,-10.0,-9.524063668383056,9.524063668383056,,,
2022_20_NYG_PHI,2022,20,DIV,2023-01-21,PHI,NYG,0,38.0,7.0,31.0,-8.0,48.0,-360.0,304.0,-111.0,101.0,401438004,nflverse games.csv (close),-8.0,,,,-8.0,-8.423167019374041,8.423167019374041,,,
2022_20_CIN_BUF,2022,20,DIV,2023-01-22,BUF,CIN,0,10.0,27.0,-17.0,-6.0,48.5,-259.0,226.0,-103.0,-107.0,401438007,nflverse games.csv (close),-6.0,,,,-6.0,-2.145094226013593,2.145094226013593,,,
2022_20_DAL_SF,2022,20,DIV,2023-01-22,SF,DAL,0,19.0,12.0,7.0,-3.5,46.5,-183.0,164.0,-103.0,-107.0,401438006,nflverse games.csv (close),-3.5,,,,-3.5,-5.039929832089991,5.039929832089991,,,
2022_21_SF_PHI,2022,21,CON,2023-01-29,PHI,SF,0,31.0,7.0,24.0,-2.5,45.0,-147.0,133.0,-116.0,105.0,401438009,nflverse games.csv (close),-2.5,,,,-2.5,-1.9204364921605463,1.9204364921605463,,,
2022_21_CIN_KC,2022,21,CON,2023-01-29,KC,CIN,0,23.0,20.0,3.0,-2.0,48.5,-131.0,119.0,-107.0,-103.0,401438008,nflverse games.csv (close),-2.0,,,,-2.0,-2.15596151607657,2.15596151607657,,,
2022_22_KC_PHI,2022,22,SB,2023-02-12,PHI,KC,1,35.0,38.0,-3.0,-1.0,51.0,-115.0,104.0,-107.0,-103.0,401438030,nflverse games.csv (close),-1.0,,,,-1.0,-1.385017630621913,1.385017630621913,,,
