gameId,date,team,pid,name,gs,sa,sv
2026020001,2026-09-29,FLA,8474593,Jacob Markstrom,1,15,15
2026020001,2026-09-29,CAR,8483548,Brandon Bussi,1,20,19
2026020002,2026-09-29,TOR,8475683,Sergei Bobrovsky,1,24,21
2026020002,2026-09-29,MTL,8482487,Jakub Dobes,1,28,26
2026020003,2026-09-29,NYR,8478048,Igor Shesterkin,1,22,20
2026020003,2026-09-29,BOS,8480280,Jeremy Swayman,1,24,24
2026020004,2026-09-29,EDM,8477465,Tristan Jarry,1,23,17
2026020004,2026-09-29,VAN,8480947,Kevin Lankinen,1,37,32
2026020005,2026-09-29,VGK,8479394,Carter Hart,1,26,24
2026020005,2026-09-29,CHI,8481519,Spencer Knight,1,36,32
2026020006,2026-09-30,PHI,8478435,Dan Vladar,1,38,31
2026020006,2026-09-30,PIT,8481668,Arturs Silovs,1,19,19
2026020007,2026-09-30,LAK,8475311,Darcy Kuemper,1,29,21
2026020007,2026-09-30,COL,8478406,Mackenzie Blackwood,1,31,27
2026020008,2026-09-30,TOR,8476932,Anthony Stolarz,1,27,26
2026020008,2026-09-30,NYI,8478009,Ilya Sorokin,1,26,24
2026020009,2026-10-01,NJD,8474596,Jake Allen,1,25,23
2026020009,2026-10-01,PHI,8479361,Joseph Woll,1,44,41
2026020010,2026-10-01,TBL,8476883,Andrei Vasilevskiy,1,24,20
2026020010,2026-10-01,NYR,8478048,Igor Shesterkin,1,24,23
2026020011,2026-10-01,BUF,8480045,Ukko-Pekka Luukkonen,1,22,17
2026020011,2026-10-01,CBJ,8482982,Jet Greaves,1,26,23
2026020012,2026-10-01,NSH,8477424,Juuse Saros,1,30,27
2026020012,2026-10-01,MIN,8482661,Jesper Wallstedt,1,20,19
2026020013,2026-10-01,UTA,8478872,Karel Vejmelka,1,15,15
2026020013,2026-10-01,CHI,8482821,Arvid Soderblom,1,32,26
2026020014,2026-10-01,SEA,8478916,Joey Daccord,1,25,24
2026020014,2026-10-01,CGY,8481692,Dustin Wolf,1,32,26
2026020015,2026-10-01,VAN,8480947,Kevin Lankinen,1,20,13
2026020015,2026-10-01,EDM,8482221,Devon Levi,1,22,15
2026020015,2026-10-01,VAN,8482447,Leevi Merilainen,0,11,10
2026020016,2026-10-01,FLA,8481033,Akira Schmid,1,32,28
2026020016,2026-10-01,SJS,8482137,Yaroslav Askarov,1,26,23
