espn_id,date_utc,home,away,home_score,away_score,result_type,season
401891803,2026-10-02T22:30Z,DET,NYR,0,2,REG,2027
401892432,2026-10-02T23:00Z,CAR,WSH,2,5,REG,2027
401891831,2026-10-03T00:00Z,WPG,BOS,3,4,OT,2027
401891782,2026-10-03T01:00Z,DAL,STL,0,4,REG,2027
401892433,2026-10-03T02:00Z,VGK,ANA,3,4,REG,2027
401891776,2026-10-03T23:00Z,BUF,CHI,4,3,REG,2027
401891822,2026-10-03T23:00Z,PIT,MTL,6,5,OT,2027
401891826,2026-10-03T23:00Z,TB,WSH,3,1,REG,2027
401892434,2026-10-03T23:00Z,TOR,OTT,2,3,REG,2027
401892435,2026-10-03T23:00Z,PHI,CAR,2,3,OT,2027
401892436,2026-10-03T23:00Z,CBJ,UTA,1,4,REG,2027
401892437,2026-10-03T23:00Z,EDM,SEA,3,1,REG,2027
401891818,2026-10-03T23:30Z,NYI,NJ,6,0,REG,2027
401891814,2026-10-04T00:00Z,MIN,BOS,4,1,REG,2027
401892438,2026-10-04T00:00Z,NSH,DAL,2,1,REG,2027
401892439,2026-10-04T01:00Z,COL,STL,6,1,REG,2027
401892440,2026-10-04T02:00Z,VAN,CGY,4,1,REG,2027
401892441,2026-10-04T02:00Z,SJ,LA,5,4,OT,2027
401892442,2026-10-04T17:00Z,DET,WPG,2,3,REG,2027
401892443,2026-10-04T22:00Z,NYR,UTA,4,2,REG,2027
401891778,2026-10-05T00:00Z,ANA,FLA,3,2,OT,2027
401891824,2026-10-05T00:00Z,SEA,CGY,6,1,REG,2027
401892444,2026-10-05T01:00Z,VAN,VGK,2,3,REG,2027
401892445,2026-10-05T23:00Z,TB,PHI,4,1,REG,2027
401892446,2026-10-05T23:30Z,BOS,OTT,1,4,REG,2027
401892447,2026-10-05T23:30Z,PIT,WPG,2,3,REG,2027
401892448,2026-10-06T00:00Z,DAL,SJ,5,0,REG,2027
401891815,2026-10-06T23:00Z,MTL,CAR,4,6,REG,2027
401892449,2026-10-06T23:00Z,TOR,NSH,5,4,OT,2027
401892450,2026-10-06T23:00Z,DET,OTT,5,3,REG,2027
401892451,2026-10-06T23:00Z,NJ,UTA,3,5,REG,2027
401892453,2026-10-06T23:00Z,BUF,MIN,3,2,OT,2027
401892452,2026-10-06T23:30Z,NYR,NYI,5,2,REG,2027
401891779,2026-10-07T00:00Z,CHI,STL,4,2,REG,2027
401892454,2026-10-07T01:40Z,SEA,VGK,2,6,REG,2027
401891806,2026-10-07T02:20Z,LA,FLA,1,2,REG,2027
401891830,2026-10-07T23:30Z,WSH,PIT,5,3,REG,2027
401892455,2026-10-07T23:30Z,WPG,COL,3,2,REG,2027
401892456,2026-10-08T02:00Z,ANA,EDM,2,5,REG,2027
401891820,2026-10-08T23:00Z,OTT,PHI,2,1,REG,2027
401892457,2026-10-08T23:00Z,BOS,UTA,6,1,REG,2027
401892458,2026-10-08T23:00Z,BUF,DAL,0,4,REG,2027
401892459,2026-10-08T23:00Z,MTL,NSH,2,5,REG,2027
401892460,2026-10-08T23:00Z,TB,MIN,3,2,REG,2027
401892461,2026-10-08T23:00Z,CAR,VAN,7,2,REG,2027
401892462,2026-10-08T23:30Z,NYI,CHI,4,1,REG,2027
401891825,2026-10-09T00:00Z,STL,SJ,2,3,OT,2027
401892463,2026-10-09T01:00Z,CGY,COL,3,7,REG,2027
401892464,2026-10-09T02:00Z,VGK,TOR,4,3,SO,2027
401892465,2026-10-09T23:00Z,DET,SEA,3,6,REG,2027
401892466,2026-10-09T23:00Z,WSH,NYR,3,1,REG,2027
401892467,2026-10-09T23:00Z,CBJ,PIT,3,2,SO,2027
401892468,2026-10-10T00:00Z,WPG,ANA,1,5,REG,2027
