test,w,n,brier,brier_market,logloss,logloss_market,ci,units,roi,overs
score,0.0,1608,0.2479,0.2479,0.6888,0.6888,,,,
score,0.25,1608,0.2492,0.2479,0.6915,0.6888,,,,
score,0.5,1608,0.2528,0.2479,0.6989,0.6888,,,,
score,1.0,1608,0.2664,0.2479,0.7333,0.6888,,,,
"fitted w (Brier-min, player-cluster bootstrap 90% CI)",0.0,1608,,,,,"[0.000,0.229]",,,
bets book=draftkings w=0.5 edge>=0.03,,514,,,,,"[-54.3,22.1]",-15.32,-0.03,142.0
bets book=draftkings w=0.5 edge>=0.05,,355,,,,,"[-47.5,18.7]",-14.59,-0.041,87.0
bets book=draftkings w=0.5 edge>=0.08,,191,,,,,"[-31.7,13.5]",-9.34,-0.049,49.0
bets book=draftkings w=1.0 edge>=0.03,,673,,,,,"[-44.4,38.7]",-3.44,-0.005,213.0
bets book=draftkings w=1.0 edge>=0.05,,567,,,,,"[-49.0,29.9]",-10.18,-0.018,166.0
bets book=draftkings w=1.0 edge>=0.08,,427,,,,,"[-47.6,17.6]",-15.49,-0.036,106.0
bets book=all w=0.5 edge>=0.03,,956,,,,,"[-112.5,40.7]",-34.1,-0.036,277.0
bets book=all w=0.5 edge>=0.05,,634,,,,,"[-121.6,9.7]",-55.28,-0.087,164.0
bets book=all w=0.5 edge>=0.08,,340,,,,,"[-80.7,10.2]",-35.18,-0.103,89.0
bets book=all w=1.0 edge>=0.03,,1255,,,,,"[-111.9,60.3]",-27.82,-0.022,423.0
bets book=all w=1.0 edge>=0.05,,1061,,,,,"[-112.4,48.0]",-33.77,-0.032,330.0
bets book=all w=1.0 edge>=0.08,,778,,,,,"[-109.0,28.4]",-39.59,-0.051,201.0
control: every under at draftkings,,865,,,,,,-20.55,-0.024,
