set,sport,market,kind,n,brier_model,brier_dk_novig,ll_model,ll_dk_novig,dbrier_sum_ci90,mean_ev_at_bet,mean_xroi_vs_close,record,roi,units_ci90,n_xroi,units
mix,nfl,spreads,score,255,0.2492523611764706,0.24912205423529413,0.6916510184935978,0.6913912094306645,"[-0.285,0.350]",,,,,,,
mix,nfl,spreads,bets ev>=0.0,29,,,,,,0.0115,-0.011,15-13-1,0.0389,"[-7.5,9.6]",29,1.13
mix,nfl,spreads,bets ev>=0.01,14,,,,,,0.0189,-0.0089,7-6-1,0.0482,"[-5.2,6.3]",14,0.67
mix,nfl,spreads,bets ev>=0.02,5,,,,,,0.0279,-0.0134,3-2-0,0.1513,"[-3.0,4.5]",5,0.76
mix,nfl,spreads,bets ev>=0.03,2,,,,,,0.0328,-0.0084,1-1-0,-0.0455,"[-2.0,1.8]",2,-0.09
mix,nfl,totals,score,257,0.24892094089494163,0.2498276785603113,0.6909889410666984,0.6928026725556575,"[-0.479,0.028]",,,,,,,
mix,nfl,totals,bets ev>=0.0,12,,,,,,0.0147,-0.0061,6-6-0,-0.017,"[-6.1,5.7]",12,-0.2
mix,nfl,totals,bets ev>=0.01,3,,,,,,0.0441,0.0402,0-3-0,-1.0,"[-3.0,-3.0]",3,-3.0
mix,nfl,totals,bets ev>=0.02,3,,,,,,0.0441,0.0402,0-3-0,-1.0,"[-3.0,-3.0]",3,-3.0
mix,nfl,totals,bets ev>=0.03,3,,,,,,0.0441,0.0402,0-3-0,-1.0,"[-3.0,-3.0]",3,-3.0
mix,cfb,spreads,score,588,0.24970248044217688,0.2502803325,0.6925531125464054,0.69370790243226,"[-0.753,0.061]",,,,,,,
mix,cfb,spreads,bets ev>=0.0,30,,,,,,0.0227,-0.0079,14-16-0,-0.1005,"[-12.4,5.1]",30,-3.02
mix,cfb,spreads,bets ev>=0.01,21,,,,,,0.0311,-0.0218,11-10-0,0.0109,"[-7.5,7.9]",21,0.23
mix,cfb,spreads,bets ev>=0.02,12,,,,,,0.0445,-0.014,5-7-0,-0.184,"[-8.1,3.7]",12,-2.21
mix,cfb,spreads,bets ev>=0.03,8,,,,,,0.0558,0.0073,4-4-0,-0.0168,"[-4.1,3.8]",8,-0.13
mix,cfb,totals,score,597,0.24999307289782244,0.24990061132328306,0.693132797604978,0.6929482077072858,"[-0.195,0.313]",,,,,,,
mix,cfb,totals,bets ev>=0.0,5,,,,,,0.0168,-0.0776,4-1-0,0.5273,"[-1.2,4.5]",4,2.64
mix,cfb,totals,bets ev>=0.01,3,,,,,,0.0259,-0.0692,3-0-0,0.9091,"[2.7,2.7]",2,2.73
mix,cfb,totals,bets ev>=0.02,3,,,,,,0.0259,-0.0692,3-0-0,0.9091,"[2.7,2.7]",2,2.73
mix,cfb,totals,bets ev>=0.03,0,,,,,,,,,,,,
