set,sport,market,kind,n,brier_model,brier_dk_novig,ll_model,ll_dk_novig,dbrier_sum_ci90,units_ci90,units,record,n_xroi,roi,mean_ev_at_bet,mean_xroi_vs_close
consensus,nfl,spreads,score,255,0.24892945729411767,0.24912205423529413,0.6910046169948982,0.6913912094306645,"[-0.326,0.219]",,,,,,,
consensus,nfl,spreads,bets ev>=0.0,24,,,,,,"[-5.6,9.9]",2.22,13-10-1,24,0.0927,0.0119,-0.0044
consensus,nfl,spreads,bets ev>=0.01,13,,,,,,"[-4.1,7.3]",1.72,7-5-1,13,0.1322,0.0182,0.0043
consensus,nfl,spreads,bets ev>=0.02,5,,,,,,"[-3.0,4.5]",0.76,3-2-0,5,0.1513,0.0258,0.0145
consensus,nfl,spreads,bets ev>=0.03,1,,,,,,"[0.9,0.9]",0.91,1-0-0,1,0.9091,0.0326,0.0466
consensus,nfl,totals,score,257,0.24926348723735403,0.2498276785603113,0.6916745581676301,0.6928026725556575,"[-0.367,0.098]",,,,,,,
consensus,nfl,totals,bets ev>=0.0,17,,,,,,"[-11.1,0.8]",-5.19,6-11-0,17,-0.3051,0.0096,-0.0084
consensus,nfl,totals,bets ev>=0.01,4,,,,,,"[-4.0,0.0]",-2.0,1-3-0,4,-0.5,0.0325,0.028
consensus,nfl,totals,bets ev>=0.02,2,,,,,,"[-2.0,-2.0]",-2.0,0-2-0,2,-1.0,0.049,0.0543
consensus,nfl,totals,bets ev>=0.03,2,,,,,,"[-2.0,-2.0]",-2.0,0-2-0,2,-1.0,0.049,0.0543
consensus,cfb,spreads,score,588,0.2496459062414966,0.2502803325,0.6924401252372497,0.69370790243226,"[-0.761,0.013]",,,,,,,
consensus,cfb,spreads,bets ev>=0.0,36,,,,,,"[-12.0,7.1]",-2.46,17-18-1,36,-0.0682,0.0199,-0.0229
consensus,cfb,spreads,bets ev>=0.01,24,,,,,,"[-9.5,5.7]",-1.86,11-12-1,24,-0.0777,0.028,-0.0259
consensus,cfb,spreads,bets ev>=0.02,14,,,,,,"[-8.2,3.5]",-2.37,6-8-0,14,-0.1693,0.0382,-0.02
consensus,cfb,spreads,bets ev>=0.03,9,,,,,,"[-3.2,4.7]",0.7,5-4-0,9,0.0781,0.0466,-0.0146
consensus,cfb,totals,score,597,0.24988659644891123,0.24990061132328306,0.692920144065191,0.6929482077072858,"[-0.262,0.243]",,,,,,,
consensus,cfb,totals,bets ev>=0.0,8,,,,,,"[1.6,7.4]",5.45,7-1-0,7,0.6813,0.0105,-0.0682
consensus,cfb,totals,bets ev>=0.01,4,,,,,,"[3.6,3.7]",3.68,4-0-0,3,0.9199,0.0193,-0.0571
consensus,cfb,totals,bets ev>=0.02,1,,,,,,"[0.9,0.9]",0.91,1-0-0,1,0.9091,0.0291,-0.0457
consensus,cfb,totals,bets ev>=0.03,0,,,,,,,,,,,,
