set,sport,market,kind,n,brier_model,brier_dk_novig,ll_model,ll_dk_novig,dbrier_sum_ci90,mean_ev_at_bet,units_ci90,n_xroi,units,roi,mean_xroi_vs_close,record
pinnacle,nfl,spreads,score,255,0.24924889670588235,0.24912205423529413,0.6916417098668548,0.6913912094306645,"[-0.370,0.436]",,,,,,,
pinnacle,nfl,spreads,bets ev>=0.0,50,,,,,,0.0149,"[-13.9,8.8]",50,-2.32,-0.0464,-0.0206,24-25-1
pinnacle,nfl,spreads,bets ev>=0.01,29,,,,,,0.0224,"[-11.3,5.7]",29,-2.8,-0.0966,-0.0247,13-15-1
pinnacle,nfl,spreads,bets ev>=0.02,12,,,,,,0.0332,"[-8.2,3.3]",12,-2.42,-0.2021,-0.0244,5-7-0
pinnacle,nfl,spreads,bets ev>=0.03,4,,,,,,0.051,"[-4.0,3.6]",4,-0.18,-0.0453,-0.0218,2-2-0
pinnacle,nfl,totals,score,257,0.24880968844357979,0.2498276785603113,0.690765734278671,0.6928026725556575,"[-0.571,0.049]",,,,,,,
pinnacle,nfl,totals,bets ev>=0.0,16,,,,,,0.0164,"[-4.5,7.3]",16,1.4,0.0873,-0.0122,9-7-0
pinnacle,nfl,totals,bets ev>=0.01,8,,,,,,0.029,"[-4.2,3.7]",8,-0.3,-0.0369,-0.0044,4-4-0
pinnacle,nfl,totals,bets ev>=0.02,3,,,,,,0.0541,"[-3.0,-3.0]",3,-3.0,-1.0,0.0402,0-3-0
pinnacle,nfl,totals,bets ev>=0.03,3,,,,,,0.0541,"[-3.0,-3.0]",3,-3.0,-1.0,0.0402,0-3-0
pinnacle,cfb,spreads,score,588,0.2499076025170068,0.2502803325,0.6929628437351927,0.69370790243226,"[-0.704,0.261]",,,,,,,
pinnacle,cfb,spreads,bets ev>=0.0,45,,,,,,0.0228,"[-12.1,9.2]",45,-0.66,-0.0146,-0.0186,23-22-0
pinnacle,cfb,spreads,bets ev>=0.01,26,,,,,,0.0367,"[-6.7,8.9]",26,1.09,0.042,-0.0202,14-12-0
pinnacle,cfb,spreads,bets ev>=0.02,17,,,,,,0.0489,"[-3.5,8.4]",17,2.41,0.1419,-0.0229,10-7-0
pinnacle,cfb,spreads,bets ev>=0.03,14,,,,,,0.0545,"[-4.4,7.3]",14,1.49,0.1061,-0.0158,8-6-0
pinnacle,cfb,totals,score,597,0.25018078809045224,0.24990061132328306,0.6935082758752886,0.6929482077072858,"[-0.156,0.511]",,,,,,,
pinnacle,cfb,totals,bets ev>=0.0,13,,,,,,0.0136,"[-5.4,6.1]",12,0.39,0.0301,-0.0391,7-6-0
pinnacle,cfb,totals,bets ev>=0.01,5,,,,,,0.0268,"[-1.2,4.5]",4,2.64,0.5273,-0.0944,4-1-0
pinnacle,cfb,totals,bets ev>=0.02,3,,,,,,0.035,"[2.7,2.7]",2,2.73,0.9091,-0.0692,3-0-0
pinnacle,cfb,totals,bets ev>=0.03,1,,,,,,0.0472,"[0.9,0.9]",1,0.91,0.9091,-0.0927,1-0-0
