logged_ct,game_id,kickoff_utc,away,home,book,line,side,price,model_over_pct,market_over_pct,edge_pts,bet,wind_mph,final_total,result,pnl_usd
2026-10-10T23:01,2026_05_BAL_ATL,2026-10-12T00:20:00Z,BAL,ATL,draftkings,43.5,Over,-110,55.8,50.0,5.8,True,,,,
2026-10-10T23:01,2026_05_BUF_LA,2026-10-13T00:15:00Z,BUF,LA,draftkings,54.5,Over,-118,55.4,51.7,3.7,True,,,,
2026-10-10T23:01,2026_05_CHI_GB,2026-10-11T17:00:00Z,CHI,GB,draftkings,46.5,Under,-108,45.7,50.4,4.7,True,13.0,,,
2026-10-10T23:01,2026_05_CIN_MIA,2026-10-11T17:00:00Z,CIN,MIA,draftkings,43.5,Under,-108,48.8,50.4,1.6,False,9.1,,,
2026-10-10T23:01,2026_05_CLE_NYJ,2026-10-11T17:00:00Z,CLE,NYJ,draftkings,39.5,Under,-108,48.8,50.4,1.6,False,12.3,,,
2026-10-10T23:01,2026_05_DEN_LAC,2026-10-11T20:05:00Z,DEN,LAC,draftkings,41.5,Over,-115,55.5,51.1,4.4,True,,,,
2026-10-10T23:01,2026_05_DET_ARI,2026-10-11T20:25:00Z,DET,ARI,draftkings,54.5,Over,-115,55.8,51.1,4.7,True,,,,
2026-10-10T23:01,2026_05_HOU_TEN,2026-10-11T17:00:00Z,HOU,TEN,draftkings,38.5,Over,-105,49.0,48.9,0.1,False,8.9,,,
2026-10-10T23:01,2026_05_IND_PIT,2026-10-11T17:00:00Z,IND,PIT,draftkings,43.5,Under,-112,46.8,49.6,2.8,True,11.8,,,
2026-10-10T23:01,2026_05_LV_NE,2026-10-11T17:00:00Z,LV,NE,draftkings,45.5,Over,-105,51.8,48.9,2.9,True,8.4,,,
2026-10-10T23:01,2026_05_MIN_NO,2026-10-11T17:00:00Z,MIN,NO,draftkings,41.5,Over,-112,55.4,50.4,5.0,True,,,,
2026-10-10T23:01,2026_05_NYG_WAS,2026-10-11T17:00:00Z,NYG,WAS,draftkings,41.5,Under,-105,43.8,51.1,7.3,True,11.9,,,
2026-10-10T23:01,2026_05_PHI_JAX,2026-10-11T13:30:00Z,PHI,JAX,draftkings,41.5,Under,-108,48.8,50.4,1.6,False,9.2,,,
2026-10-10T23:01,2026_05_SF_SEA,2026-10-11T20:25:00Z,SF,SEA,draftkings,45.5,Under,-105,49.0,51.1,2.1,True,8.6,,,
